user_id,Jackass,Meet the Parents,Star Wars Prequels,Emoji Movie,12 Angry Men,The Godfather
0,5.0,5.0,3.0,1.0,2.0,1.0
1,2.0,3.0,3.0,1.0,5.0,5.0
2,4.0,5.0,2.0,2.0,2.0,1.0
3,4.0,5.0,1.0,1.0,4.0,4.0
4,5.0,5.0,2.0,3.0,2.0,1.0
5,2.0,2.0,3.0,5.0,1.0,5.0
6,1.0,3.0,3.0,1.0,5.0,3.0
7,1.0,4.0,3.0,2.0,5.0,4.0
8,1.0,4.0,3.0,1.0,5.0,4.0
9,1.0,3.0,3.0,1.0,5.0,5.0
10,4.0,5.0,2.0,2.0,3.0,1.0
11,1.0,3.0,3.0,1.0,5.0,4.0
12,4.0,5.0,2.0,2.0,5.0,4.0
13,5.0,5.0,1.0,2.0,2.0,1.0
14,5.0,5.0,2.0,2.0,2.0,1.0
15,5.0,5.0,1.0,2.0,2.0,1.0
16,3.0,5.0,1.0,1.0,5.0,5.0
17,5.0,4.0,2.0,2.0,2.0,1.0
18,5.0,5.0,2.0,2.0,2.0,1.0
19,1.0,4.0,3.0,2.0,5.0,5.0
20,4.0,5.0,1.0,1.0,5.0,4.0
21,4.0,5.0,1.0,1.0,5.0,4.0
22,5.0,5.0,2.0,3.0,2.0,1.0
23,4.0,4.0,1.0,1.0,5.0,4.0
24,5.0,5.0,2.0,1.0,2.0,1.0
25,1.0,2.0,3.0,4.0,1.0,5.0
26,1.0,3.0,3.0,1.0,5.0,3.0
27,4.0,5.0,1.0,1.0,4.0,5.0
28,3.0,5.0,1.0,1.0,5.0,4.0
29,4.0,5.0,2.0,1.0,5.0,3.0
30,5.0,5.0,2.0,1.0,1.0,1.0
31,1.0,3.0,2.0,1.0,5.0,4.0
32,1.0,2.0,3.0,1.0,5.0,4.0
33,5.0,5.0,1.0,3.0,2.0,1.0
34,4.0,5.0,1.0,1.0,4.0,4.0
35,5.0,4.0,3.0,2.0,2.0,1.0
36,5.0,5.0,2.0,2.0,2.0,1.0
37,5.0,5.0,3.0,2.0,1.0,2.0
38,4.0,5.0,1.0,1.0,5.0,4.0
39,1.0,3.0,3.0,1.0,5.0,4.0
40,1.0,3.0,3.0,1.0,5.0,5.0
41,1.0,2.0,3.0,1.0,5.0,4.0
42,3.0,5.0,1.0,2.0,5.0,4.0
43,1.0,3.0,2.0,2.0,5.0,3.0
44,1.0,3.0,2.0,2.0,5.0,5.0
45,5.0,5.0,2.0,1.0,5.0,3.0
46,2.0,2.0,3.0,5.0,2.0,5.0
47,5.0,5.0,2.0,1.0,3.0,1.0
48,1.0,3.0,3.0,1.0,5.0,4.0
49,5.0,5.0,1.0,1.0,5.0,4.0
50,4.0,5.0,1.0,1.0,5.0,3.0
51,1.0,3.0,2.0,1.0,4.0,4.0
52,5.0,5.0,2.0,2.0,2.0,1.0
53,5.0,5.0,2.0,2.0,2.0,1.0
54,5.0,5.0,2.0,2.0,2.0,1.0
55,1.0,3.0,3.0,1.0,5.0,4.0
56,4.0,5.0,1.0,1.0,5.0,4.0
57,5.0,4.0,2.0,3.0,3.0,2.0
58,3.0,5.0,1.0,1.0,5.0,4.0
59,1.0,2.0,3.0,4.0,2.0,5.0
60,4.0,4.0,1.0,1.0,5.0,4.0
61,4.0,5.0,1.0,1.0,5.0,4.0
62,5.0,5.0,1.0,1.0,5.0,3.0
63,4.0,5.0,1.0,2.0,2.0,1.0
64,5.0,5.0,2.0,2.0,3.0,1.0
65,5.0,5.0,2.0,2.0,2.0,1.0
66,5.0,5.0,1.0,2.0,4.0,4.0
67,1.0,3.0,2.0,1.0,5.0,4.0
68,4.0,5.0,1.0,1.0,5.0,4.0
69,4.0,5.0,1.0,1.0,5.0,4.0
70,4.0,5.0,2.0,2.0,2.0,1.0
71,1.0,3.0,3.0,1.0,4.0,4.0
72,5.0,5.0,2.0,2.0,1.0,1.0
73,4.0,4.0,1.0,1.0,5.0,4.0
74,5.0,5.0,3.0,2.0,2.0,1.0
75,5.0,5.0,2.0,2.0,2.0,1.0
76,5.0,5.0,3.0,2.0,2.0,1.0
77,4.0,5.0,1.0,1.0,5.0,4.0
78,1.0,3.0,3.0,2.0,5.0,4.0
79,4.0,5.0,2.0,1.0,5.0,4.0
80,1.0,3.0,3.0,1.0,5.0,4.0
81,4.0,5.0,1.0,2.0,2.0,1.0
82,5.0,5.0,1.0,2.0,2.0,1.0
83,5.0,5.0,2.0,2.0,2.0,1.0
84,5.0,5.0,1.0,1.0,5.0,4.0
85,1.0,2.0,4.0,5.0,1.0,5.0
86,4.0,5.0,1.0,1.0,4.0,4.0
87,5.0,5.0,1.0,1.0,5.0,4.0
88,5.0,5.0,1.0,3.0,2.0,1.0
89,1.0,3.0,3.0,5.0,1.0,5.0
90,5.0,5.0,2.0,2.0,3.0,1.0
91,4.0,5.0,1.0,1.0,5.0,5.0
92,4.0,5.0,1.0,1.0,4.0,3.0
93,5.0,5.0,2.0,2.0,2.0,1.0
94,2.0,3.0,3.0,5.0,1.0,5.0
95,5.0,4.0,2.0,3.0,2.0,1.0
96,1.0,3.0,2.0,1.0,4.0,3.0
97,1.0,2.0,3.0,2.0,5.0,4.0
98,1.0,2.0,3.0,5.0,1.0,5.0
99,4.0,5.0,1.0,1.0,4.0,4.0
100,1.0,3.0,3.0,1.0,5.0,4.0
101,4.0,5.0,2.0,1.0,2.0,1.0
102,3.0,5.0,1.0,1.0,5.0,4.0
103,4.0,5.0,1.0,1.0,5.0,5.0
104,1.0,3.0,2.0,2.0,5.0,4.0
105,2.0,3.0,4.0,2.0,5.0,3.0
106,5.0,5.0,2.0,2.0,2.0,1.0
107,4.0,5.0,2.0,1.0,5.0,4.0
108,5.0,5.0,2.0,1.0,3.0,1.0
109,5.0,5.0,2.0,2.0,1.0,1.0
110,5.0,5.0,2.0,2.0,2.0,1.0
111,4.0,5.0,1.0,2.0,5.0,4.0
112,2.0,2.0,3.0,4.0,1.0,4.0
113,1.0,3.0,2.0,1.0,5.0,4.0
114,4.0,5.0,1.0,1.0,5.0,4.0
115,5.0,5.0,2.0,2.0,2.0,1.0
116,4.0,5.0,2.0,1.0,5.0,5.0
117,1.0,3.0,3.0,2.0,5.0,4.0
118,4.0,5.0,2.0,1.0,5.0,4.0
119,4.0,5.0,1.0,1.0,5.0,4.0
120,1.0,3.0,4.0,2.0,4.0,3.0
121,4.0,5.0,2.0,1.0,5.0,4.0
122,3.0,4.0,2.0,1.0,4.0,4.0
123,4.0,5.0,1.0,1.0,4.0,5.0
124,5.0,5.0,3.0,1.0,2.0,1.0
125,1.0,2.0,3.0,2.0,5.0,5.0
126,4.0,5.0,1.0,1.0,5.0,5.0
127,1.0,2.0,3.0,1.0,5.0,4.0
128,5.0,5.0,1.0,2.0,3.0,1.0
129,1.0,3.0,2.0,1.0,5.0,4.0
130,5.0,5.0,2.0,1.0,2.0,1.0
131,5.0,5.0,2.0,2.0,2.0,1.0
132,2.0,3.0,3.0,2.0,4.0,4.0
133,5.0,5.0,2.0,3.0,2.0,1.0
134,5.0,5.0,2.0,2.0,2.0,1.0
135,4.0,5.0,2.0,2.0,3.0,1.0
136,1.0,2.0,3.0,1.0,5.0,4.0
137,3.0,4.0,1.0,1.0,5.0,4.0
138,5.0,4.0,2.0,2.0,2.0,1.0
139,5.0,5.0,2.0,1.0,5.0,4.0
140,3.0,5.0,1.0,2.0,4.0,4.0
141,3.0,5.0,1.0,1.0,5.0,3.0
142,5.0,5.0,2.0,2.0,3.0,2.0
143,5.0,5.0,1.0,1.0,5.0,3.0
144,1.0,3.0,2.0,1.0,5.0,4.0
145,5.0,5.0,3.0,1.0,1.0,2.0
146,5.0,5.0,1.0,1.0,5.0,3.0
147,5.0,5.0,1.0,1.0,5.0,4.0
148,4.0,5.0,2.0,3.0,2.0,2.0
149,5.0,5.0,1.0,1.0,4.0,3.0
150,4.0,5.0,1.0,1.0,4.0,4.0
151,4.0,4.0,2.0,1.0,5.0,4.0
152,5.0,4.0,2.0,2.0,3.0,1.0
153,5.0,5.0,2.0,2.0,3.0,1.0
154,1.0,1.0,2.0,5.0,1.0,5.0
155,5.0,5.0,2.0,2.0,2.0,2.0
156,4.0,5.0,1.0,1.0,5.0,4.0
157,5.0,5.0,3.0,1.0,3.0,2.0
158,1.0,3.0,4.0,1.0,5.0,4.0
159,5.0,5.0,2.0,3.0,3.0,1.0
160,5.0,5.0,1.0,2.0,5.0,3.0
161,5.0,5.0,2.0,1.0,2.0,1.0
162,1.0,2.0,3.0,5.0,1.0,4.0
163,5.0,5.0,2.0,2.0,1.0,1.0
164,4.0,5.0,3.0,2.0,4.0,1.0
165,1.0,2.0,3.0,1.0,5.0,4.0
166,1.0,3.0,3.0,2.0,5.0,4.0
167,1.0,3.0,3.0,2.0,5.0,4.0
168,5.0,5.0,1.0,1.0,5.0,4.0
169,5.0,5.0,2.0,2.0,3.0,1.0
170,4.0,5.0,1.0,1.0,4.0,4.0
171,5.0,5.0,2.0,2.0,2.0,1.0
172,4.0,5.0,2.0,2.0,5.0,4.0
173,1.0,2.0,3.0,4.0,1.0,5.0
174,2.0,2.0,3.0,4.0,1.0,5.0
175,5.0,5.0,3.0,1.0,2.0,2.0
176,5.0,5.0,2.0,3.0,2.0,1.0
177,1.0,3.0,2.0,1.0,5.0,4.0
178,4.0,5.0,1.0,2.0,5.0,4.0
179,4.0,5.0,1.0,1.0,5.0,4.0
180,4.0,4.0,1.0,1.0,5.0,4.0
181,1.0,4.0,3.0,1.0,5.0,3.0
182,4.0,5.0,1.0,1.0,5.0,5.0
183,4.0,5.0,2.0,2.0,4.0,4.0
184,1.0,3.0,2.0,1.0,5.0,4.0
185,5.0,5.0,1.0,1.0,5.0,4.0
186,2.0,2.0,4.0,1.0,5.0,4.0
187,5.0,5.0,2.0,1.0,2.0,1.0
188,4.0,5.0,2.0,1.0,5.0,4.0
189,5.0,4.0,1.0,1.0,5.0,4.0
190,5.0,5.0,3.0,2.0,2.0,1.0
191,5.0,5.0,1.0,2.0,3.0,2.0
192,1.0,3.0,3.0,1.0,5.0,5.0
193,5.0,5.0,2.0,2.0,1.0,1.0
194,5.0,5.0,2.0,2.0,1.0,1.0
195,1.0,3.0,3.0,2.0,5.0,4.0
196,1.0,3.0,3.0,1.0,4.0,4.0
197,1.0,3.0,4.0,1.0,5.0,4.0
198,1.0,3.0,3.0,1.0,4.0,4.0
199,5.0,5.0,1.0,2.0,3.0,1.0
200,5.0,5.0,3.0,3.0,2.0,1.0
201,1.0,3.0,3.0,2.0,5.0,4.0
202,5.0,4.0,2.0,2.0,1.0,1.0
203,4.0,5.0,2.0,1.0,2.0,1.0
204,5.0,4.0,2.0,2.0,2.0,1.0
205,4.0,4.0,1.0,1.0,5.0,4.0
206,1.0,3.0,3.0,1.0,5.0,3.0
207,5.0,5.0,2.0,1.0,3.0,1.0
208,5.0,5.0,2.0,3.0,2.0,1.0
209,5.0,5.0,2.0,2.0,2.0,1.0
210,5.0,4.0,2.0,2.0,2.0,1.0
211,4.0,5.0,3.0,2.0,2.0,2.0
212,5.0,5.0,2.0,2.0,2.0,2.0
213,1.0,3.0,3.0,1.0,5.0,4.0
214,5.0,5.0,2.0,3.0,2.0,1.0
215,1.0,3.0,4.0,1.0,5.0,4.0
216,4.0,5.0,1.0,1.0,5.0,4.0
217,5.0,5.0,2.0,2.0,2.0,1.0
218,5.0,5.0,3.0,2.0,3.0,1.0
219,5.0,4.0,2.0,3.0,1.0,1.0
220,1.0,4.0,3.0,1.0,4.0,4.0
221,1.0,3.0,3.0,1.0,5.0,5.0
222,5.0,5.0,2.0,3.0,2.0,1.0
223,1.0,2.0,3.0,5.0,1.0,5.0
224,4.0,5.0,1.0,2.0,5.0,4.0
225,3.0,4.0,1.0,2.0,4.0,4.0
226,4.0,5.0,1.0,1.0,5.0,4.0
227,1.0,4.0,3.0,1.0,5.0,5.0
228,3.0,5.0,2.0,1.0,4.0,4.0
229,4.0,5.0,1.0,1.0,5.0,4.0
230,1.0,3.0,3.0,1.0,5.0,4.0
231,4.0,4.0,1.0,1.0,5.0,5.0
232,5.0,5.0,1.0,2.0,3.0,1.0
233,5.0,5.0,3.0,2.0,2.0,1.0
234,1.0,3.0,3.0,1.0,5.0,4.0
235,1.0,2.0,3.0,1.0,5.0,4.0
236,2.0,2.0,3.0,1.0,5.0,4.0
237,1.0,4.0,3.0,1.0,5.0,4.0
238,5.0,4.0,2.0,2.0,1.0,1.0
239,5.0,4.0,2.0,2.0,1.0,1.0
240,1.0,3.0,3.0,1.0,5.0,4.0
241,1.0,3.0,3.0,1.0,4.0,4.0
242,1.0,3.0,4.0,1.0,4.0,3.0
243,1.0,3.0,3.0,1.0,5.0,5.0
244,5.0,5.0,3.0,1.0,3.0,1.0
245,4.0,5.0,1.0,1.0,5.0,4.0
246,4.0,5.0,1.0,1.0,5.0,5.0
247,4.0,5.0,3.0,2.0,3.0,1.0
248,1.0,3.0,2.0,1.0,5.0,3.0
249,1.0,3.0,2.0,1.0,5.0,4.0
250,1.0,3.0,3.0,1.0,5.0,4.0
251,5.0,5.0,1.0,2.0,3.0,2.0
252,4.0,5.0,1.0,1.0,5.0,4.0
253,2.0,3.0,3.0,2.0,5.0,4.0
254,5.0,5.0,3.0,1.0,2.0,1.0
255,1.0,2.0,3.0,1.0,5.0,4.0
256,5.0,5.0,2.0,2.0,2.0,1.0
257,1.0,3.0,3.0,2.0,5.0,4.0
258,1.0,3.0,3.0,1.0,4.0,5.0
259,5.0,5.0,2.0,2.0,2.0,2.0
260,4.0,5.0,2.0,2.0,1.0,1.0
261,4.0,5.0,2.0,1.0,5.0,4.0
262,4.0,5.0,1.0,1.0,5.0,4.0
263,1.0,3.0,3.0,1.0,5.0,4.0
264,4.0,4.0,1.0,1.0,5.0,4.0
265,4.0,5.0,1.0,1.0,5.0,4.0
266,1.0,3.0,2.0,1.0,4.0,4.0
267,1.0,2.0,3.0,1.0,5.0,4.0
268,4.0,4.0,1.0,1.0,5.0,4.0
269,1.0,4.0,3.0,1.0,5.0,4.0
270,4.0,4.0,1.0,1.0,4.0,4.0
271,1.0,4.0,3.0,2.0,4.0,4.0
272,4.0,5.0,2.0,1.0,5.0,4.0
273,4.0,5.0,1.0,1.0,5.0,4.0
274,5.0,5.0,3.0,3.0,2.0,1.0
275,5.0,5.0,2.0,2.0,2.0,1.0
276,1.0,3.0,3.0,1.0,4.0,4.0
277,1.0,3.0,3.0,1.0,5.0,4.0
278,3.0,4.0,1.0,2.0,5.0,4.0
279,5.0,5.0,2.0,2.0,2.0,1.0
280,3.0,5.0,1.0,1.0,4.0,4.0
281,5.0,5.0,2.0,1.0,2.0,1.0
282,1.0,3.0,2.0,1.0,5.0,3.0
283,5.0,4.0,2.0,2.0,2.0,1.0
284,5.0,5.0,3.0,1.0,3.0,1.0
285,1.0,1.0,3.0,5.0,1.0,4.0
286,1.0,3.0,3.0,1.0,5.0,4.0
287,1.0,4.0,3.0,1.0,5.0,4.0
288,1.0,3.0,3.0,1.0,5.0,4.0
289,1.0,2.0,3.0,1.0,5.0,4.0
290,5.0,4.0,4.0,2.0,2.0,1.0
291,5.0,5.0,2.0,2.0,2.0,1.0
292,4.0,4.0,1.0,1.0,5.0,4.0
293,4.0,4.0,2.0,1.0,4.0,4.0
294,1.0,3.0,4.0,1.0,5.0,4.0
295,1.0,1.0,3.0,5.0,1.0,5.0
296,5.0,5.0,2.0,3.0,2.0,1.0
297,4.0,5.0,1.0,1.0,5.0,4.0
298,1.0,3.0,2.0,1.0,5.0,4.0
299,5.0,5.0,2.0,2.0,2.0,2.0
300,5.0,5.0,2.0,2.0,2.0,1.0
301,4.0,5.0,1.0,2.0,4.0,4.0
302,5.0,5.0,2.0,2.0,1.0,1.0
303,4.0,5.0,1.0,2.0,5.0,4.0
304,1.0,2.0,3.0,1.0,5.0,3.0
305,4.0,5.0,1.0,1.0,5.0,4.0
306,5.0,5.0,3.0,2.0,2.0,2.0
307,3.0,5.0,2.0,1.0,5.0,3.0
308,5.0,4.0,1.0,2.0,1.0,1.0
309,5.0,5.0,1.0,1.0,4.0,3.0
310,1.0,2.0,3.0,1.0,5.0,4.0
311,3.0,4.0,2.0,2.0,4.0,5.0
312,4.0,5.0,1.0,1.0,5.0,5.0
313,1.0,3.0,3.0,1.0,5.0,4.0
314,5.0,4.0,1.0,2.0,2.0,1.0
315,4.0,5.0,1.0,2.0,5.0,4.0
316,1.0,3.0,3.0,2.0,4.0,4.0
317,4.0,4.0,1.0,1.0,5.0,4.0
318,5.0,5.0,2.0,2.0,3.0,2.0
319,1.0,3.0,3.0,1.0,5.0,5.0
320,5.0,5.0,1.0,1.0,5.0,5.0
321,5.0,4.0,2.0,2.0,2.0,1.0
322,1.0,3.0,3.0,1.0,5.0,4.0
323,4.0,5.0,1.0,1.0,5.0,4.0
324,2.0,3.0,2.0,1.0,5.0,4.0
325,5.0,5.0,3.0,3.0,2.0,1.0
326,4.0,5.0,1.0,1.0,5.0,4.0
327,1.0,3.0,3.0,1.0,4.0,3.0
328,5.0,5.0,2.0,3.0,3.0,1.0
329,5.0,5.0,2.0,2.0,2.0,2.0
330,2.0,3.0,3.0,1.0,5.0,4.0
331,4.0,5.0,1.0,1.0,5.0,5.0
332,5.0,5.0,2.0,1.0,2.0,1.0
333,1.0,3.0,3.0,1.0,5.0,5.0
334,3.0,4.0,1.0,2.0,4.0,4.0
335,5.0,5.0,1.0,1.0,5.0,4.0
336,1.0,3.0,4.0,1.0,5.0,5.0
337,1.0,3.0,3.0,1.0,5.0,4.0
338,4.0,5.0,2.0,2.0,2.0,1.0
339,1.0,4.0,3.0,1.0,5.0,4.0
340,1.0,3.0,3.0,1.0,5.0,3.0
341,1.0,3.0,4.0,2.0,5.0,4.0
342,5.0,4.0,2.0,2.0,1.0,1.0
343,4.0,5.0,1.0,1.0,5.0,4.0
344,1.0,2.0,3.0,1.0,5.0,5.0
345,5.0,5.0,2.0,3.0,2.0,1.0
346,1.0,2.0,3.0,2.0,5.0,4.0
347,5.0,5.0,2.0,3.0,2.0,1.0
348,1.0,3.0,3.0,2.0,4.0,4.0
349,2.0,4.0,3.0,2.0,5.0,3.0
350,4.0,5.0,1.0,1.0,5.0,4.0
351,4.0,5.0,1.0,1.0,5.0,4.0
352,1.0,3.0,2.0,1.0,5.0,4.0
353,5.0,5.0,2.0,1.0,2.0,1.0
354,1.0,3.0,3.0,1.0,5.0,4.0
355,5.0,5.0,2.0,2.0,1.0,1.0
356,5.0,5.0,3.0,2.0,2.0,1.0
357,4.0,5.0,1.0,1.0,5.0,4.0
358,4.0,5.0,2.0,1.0,5.0,5.0
359,5.0,5.0,2.0,2.0,2.0,1.0
360,5.0,5.0,3.0,3.0,2.0,2.0
361,1.0,3.0,3.0,1.0,5.0,4.0
362,1.0,3.0,3.0,1.0,5.0,3.0
363,1.0,3.0,2.0,1.0,5.0,4.0
364,4.0,5.0,1.0,1.0,5.0,4.0
365,1.0,2.0,3.0,5.0,1.0,5.0
366,5.0,5.0,1.0,2.0,2.0,1.0
367,1.0,4.0,4.0,1.0,5.0,3.0
368,5.0,4.0,2.0,2.0,2.0,1.0
369,4.0,5.0,2.0,1.0,5.0,4.0
370,5.0,4.0,1.0,2.0,3.0,1.0
371,1.0,2.0,3.0,1.0,5.0,4.0
372,1.0,2.0,3.0,1.0,5.0,3.0
373,1.0,3.0,3.0,2.0,5.0,5.0
374,5.0,5.0,1.0,1.0,5.0,5.0
375,5.0,4.0,1.0,2.0,2.0,1.0
376,1.0,3.0,3.0,1.0,5.0,4.0
377,5.0,5.0,3.0,2.0,1.0,2.0
378,5.0,5.0,3.0,2.0,2.0,1.0
379,4.0,5.0,2.0,1.0,5.0,3.0
380,4.0,5.0,1.0,1.0,5.0,4.0
381,1.0,3.0,4.0,1.0,4.0,4.0
382,1.0,3.0,3.0,2.0,5.0,4.0
383,4.0,5.0,1.0,1.0,5.0,4.0
384,4.0,5.0,1.0,2.0,5.0,4.0
385,4.0,4.0,1.0,2.0,5.0,4.0
386,1.0,3.0,3.0,1.0,5.0,4.0
387,1.0,3.0,2.0,1.0,4.0,4.0
388,2.0,3.0,2.0,1.0,5.0,5.0
389,1.0,3.0,3.0,1.0,5.0,4.0
390,4.0,5.0,3.0,1.0,1.0,2.0
391,5.0,4.0,3.0,2.0,3.0,1.0
392,4.0,5.0,1.0,1.0,5.0,3.0
393,1.0,3.0,4.0,1.0,5.0,5.0
394,1.0,3.0,2.0,1.0,5.0,4.0
395,4.0,5.0,1.0,1.0,4.0,5.0
396,4.0,5.0,1.0,2.0,3.0,1.0
397,5.0,5.0,3.0,2.0,2.0,1.0
398,2.0,4.0,2.0,1.0,4.0,4.0
399,5.0,5.0,1.0,1.0,5.0,4.0
400,5.0,5.0,1.0,3.0,2.0,1.0
401,1.0,2.0,4.0,1.0,5.0,4.0
402,5.0,5.0,2.0,2.0,2.0,1.0
403,5.0,5.0,2.0,2.0,3.0,1.0
404,4.0,5.0,1.0,1.0,5.0,4.0
405,5.0,5.0,2.0,1.0,2.0,1.0
406,5.0,4.0,2.0,3.0,2.0,1.0
407,1.0,2.0,3.0,5.0,1.0,4.0
408,4.0,5.0,1.0,2.0,4.0,4.0
409,1.0,3.0,4.0,1.0,5.0,4.0
410,1.0,4.0,3.0,1.0,5.0,4.0
411,1.0,3.0,3.0,1.0,5.0,4.0
412,3.0,5.0,1.0,1.0,5.0,4.0
413,1.0,3.0,3.0,1.0,5.0,4.0
414,1.0,3.0,3.0,1.0,5.0,4.0
415,1.0,3.0,3.0,1.0,4.0,4.0
416,5.0,5.0,1.0,1.0,4.0,4.0
417,5.0,4.0,2.0,2.0,1.0,2.0
418,5.0,5.0,2.0,2.0,2.0,2.0
419,1.0,2.0,2.0,5.0,1.0,4.0
420,5.0,5.0,2.0,2.0,2.0,1.0
421,5.0,5.0,1.0,2.0,2.0,2.0
422,3.0,5.0,1.0,2.0,5.0,4.0
423,5.0,4.0,3.0,2.0,2.0,2.0
424,1.0,4.0,4.0,1.0,5.0,4.0
425,4.0,4.0,2.0,3.0,2.0,1.0
426,4.0,5.0,1.0,1.0,5.0,4.0
427,5.0,5.0,2.0,2.0,2.0,1.0
428,5.0,5.0,2.0,2.0,3.0,1.0
429,4.0,4.0,1.0,1.0,5.0,5.0
430,4.0,5.0,1.0,1.0,5.0,4.0
431,3.0,5.0,2.0,2.0,5.0,3.0
432,4.0,5.0,1.0,1.0,5.0,5.0
433,5.0,5.0,1.0,1.0,5.0,4.0
434,1.0,3.0,3.0,1.0,5.0,4.0
435,5.0,5.0,3.0,2.0,2.0,1.0
436,1.0,3.0,4.0,1.0,5.0,5.0
437,4.0,4.0,2.0,1.0,4.0,4.0
438,3.0,5.0,1.0,1.0,5.0,4.0
439,5.0,5.0,3.0,2.0,3.0,1.0
440,1.0,3.0,3.0,1.0,5.0,5.0
441,4.0,5.0,1.0,1.0,5.0,3.0
442,5.0,5.0,2.0,2.0,1.0,1.0
443,5.0,5.0,2.0,2.0,2.0,1.0
444,4.0,5.0,2.0,1.0,5.0,5.0
445,5.0,5.0,2.0,2.0,2.0,2.0
446,1.0,3.0,2.0,1.0,5.0,4.0
447,5.0,5.0,2.0,2.0,2.0,1.0
448,2.0,2.0,3.0,5.0,1.0,5.0
449,5.0,5.0,1.0,2.0,5.0,5.0
450,5.0,5.0,2.0,2.0,2.0,1.0
451,2.0,3.0,3.0,1.0,5.0,4.0
452,2.0,2.0,3.0,1.0,5.0,3.0
453,5.0,4.0,2.0,3.0,1.0,1.0
454,5.0,5.0,1.0,1.0,3.0,1.0
455,4.0,5.0,1.0,2.0,2.0,1.0
456,4.0,4.0,2.0,2.0,2.0,1.0
457,5.0,5.0,2.0,1.0,2.0,1.0
458,1.0,2.0,4.0,1.0,4.0,4.0
459,5.0,5.0,2.0,1.0,2.0,2.0
460,5.0,5.0,1.0,2.0,2.0,1.0
461,4.0,5.0,1.0,1.0,4.0,4.0
462,4.0,5.0,2.0,1.0,2.0,1.0
463,5.0,5.0,1.0,2.0,2.0,1.0
464,4.0,5.0,3.0,1.0,1.0,1.0
465,4.0,4.0,3.0,1.0,2.0,1.0
466,1.0,3.0,3.0,1.0,5.0,4.0
467,1.0,2.0,3.0,1.0,5.0,4.0
468,5.0,5.0,3.0,2.0,1.0,2.0
469,5.0,5.0,3.0,2.0,2.0,1.0
470,4.0,5.0,1.0,1.0,5.0,4.0
471,1.0,4.0,4.0,1.0,5.0,4.0
472,4.0,5.0,1.0,2.0,5.0,4.0
473,4.0,5.0,1.0,2.0,2.0,1.0
474,4.0,5.0,1.0,1.0,5.0,4.0
475,1.0,3.0,3.0,1.0,5.0,5.0
476,4.0,5.0,1.0,1.0,4.0,3.0
477,5.0,4.0,2.0,2.0,1.0,2.0
478,4.0,5.0,1.0,2.0,5.0,4.0
479,1.0,3.0,4.0,1.0,5.0,4.0
480,4.0,5.0,2.0,2.0,5.0,5.0
481,5.0,4.0,2.0,2.0,2.0,1.0
482,1.0,3.0,2.0,1.0,5.0,4.0
483,2.0,2.0,4.0,1.0,5.0,5.0
484,1.0,4.0,4.0,2.0,4.0,4.0
485,5.0,5.0,2.0,1.0,1.0,1.0
486,4.0,4.0,1.0,2.0,5.0,3.0
487,5.0,5.0,2.0,3.0,2.0,1.0
488,3.0,5.0,1.0,1.0,5.0,4.0
489,1.0,3.0,3.0,1.0,5.0,4.0
490,4.0,5.0,1.0,1.0,5.0,3.0
491,4.0,5.0,1.0,1.0,5.0,4.0
492,5.0,4.0,2.0,3.0,3.0,1.0
493,2.0,3.0,3.0,2.0,5.0,4.0
494,5.0,5.0,2.0,1.0,2.0,1.0
495,4.0,5.0,1.0,1.0,5.0,3.0
496,4.0,5.0,2.0,2.0,2.0,1.0
497,4.0,5.0,2.0,1.0,2.0,1.0
498,1.0,4.0,3.0,2.0,5.0,3.0
499,5.0,5.0,2.0,2.0,2.0,2.0
500,4.0,5.0,1.0,1.0,5.0,4.0
501,5.0,5.0,2.0,1.0,1.0,1.0
502,5.0,5.0,2.0,2.0,1.0,1.0
503,3.0,5.0,1.0,1.0,5.0,4.0
504,4.0,4.0,1.0,1.0,4.0,5.0
505,5.0,4.0,2.0,2.0,2.0,2.0
506,1.0,2.0,2.0,1.0,5.0,4.0
507,2.0,2.0,4.0,5.0,1.0,5.0
508,4.0,5.0,1.0,1.0,5.0,4.0
509,3.0,5.0,1.0,1.0,5.0,3.0
510,1.0,2.0,3.0,1.0,5.0,4.0
511,5.0,5.0,2.0,3.0,2.0,1.0
512,5.0,5.0,1.0,1.0,5.0,4.0
513,5.0,5.0,3.0,1.0,2.0,2.0
514,5.0,5.0,2.0,2.0,2.0,1.0
515,4.0,5.0,2.0,1.0,3.0,1.0
516,4.0,5.0,1.0,1.0,4.0,4.0
517,2.0,4.0,3.0,1.0,5.0,4.0
518,4.0,5.0,1.0,1.0,5.0,4.0
519,5.0,5.0,2.0,2.0,3.0,1.0
520,4.0,5.0,1.0,2.0,5.0,4.0
521,5.0,5.0,2.0,2.0,2.0,1.0
522,4.0,5.0,1.0,1.0,4.0,3.0
523,1.0,3.0,3.0,1.0,4.0,3.0
524,5.0,5.0,1.0,1.0,4.0,3.0
525,1.0,3.0,3.0,1.0,5.0,4.0
526,4.0,4.0,1.0,1.0,4.0,4.0
527,5.0,5.0,1.0,1.0,5.0,4.0
528,3.0,4.0,1.0,1.0,5.0,4.0
529,5.0,5.0,1.0,2.0,2.0,2.0
530,5.0,4.0,2.0,2.0,3.0,2.0
531,3.0,5.0,1.0,1.0,5.0,4.0
532,2.0,4.0,2.0,1.0,5.0,5.0
533,4.0,5.0,1.0,1.0,4.0,4.0
534,1.0,2.0,3.0,1.0,5.0,4.0
535,3.0,5.0,1.0,2.0,5.0,4.0
536,2.0,3.0,3.0,1.0,5.0,5.0
537,5.0,4.0,2.0,2.0,1.0,1.0
538,1.0,3.0,3.0,1.0,5.0,4.0
539,4.0,5.0,1.0,1.0,4.0,4.0
540,5.0,5.0,1.0,2.0,2.0,1.0
541,3.0,5.0,1.0,2.0,5.0,4.0
542,5.0,5.0,1.0,2.0,5.0,4.0
543,5.0,5.0,1.0,1.0,5.0,3.0
544,1.0,4.0,3.0,1.0,5.0,5.0
545,5.0,5.0,3.0,1.0,2.0,2.0
546,1.0,2.0,3.0,5.0,1.0,5.0
547,1.0,2.0,4.0,5.0,2.0,5.0
548,4.0,5.0,1.0,3.0,2.0,2.0
549,1.0,2.0,3.0,1.0,5.0,4.0
550,4.0,5.0,1.0,1.0,5.0,4.0
551,1.0,3.0,4.0,2.0,5.0,5.0
552,4.0,5.0,1.0,1.0,5.0,4.0
553,4.0,5.0,1.0,1.0,5.0,4.0
554,4.0,5.0,1.0,2.0,5.0,4.0
555,5.0,5.0,2.0,2.0,2.0,1.0
556,1.0,3.0,3.0,2.0,5.0,4.0
557,1.0,2.0,3.0,4.0,1.0,5.0
558,4.0,4.0,1.0,1.0,5.0,5.0
559,3.0,5.0,1.0,1.0,4.0,3.0
560,5.0,5.0,2.0,2.0,2.0,1.0
561,5.0,5.0,2.0,2.0,1.0,1.0
562,5.0,5.0,2.0,2.0,3.0,2.0
563,1.0,3.0,1.0,1.0,5.0,4.0
564,2.0,2.0,3.0,1.0,4.0,4.0
565,4.0,4.0,1.0,2.0,5.0,4.0
566,4.0,5.0,2.0,1.0,1.0,2.0
567,5.0,5.0,1.0,2.0,2.0,1.0
568,1.0,3.0,2.0,2.0,4.0,5.0
569,5.0,5.0,2.0,1.0,5.0,3.0
570,1.0,3.0,3.0,1.0,4.0,3.0
571,4.0,5.0,1.0,1.0,4.0,3.0
572,5.0,5.0,2.0,2.0,2.0,1.0
573,1.0,2.0,3.0,1.0,5.0,4.0
574,5.0,4.0,2.0,2.0,2.0,1.0
575,4.0,5.0,2.0,2.0,1.0,1.0
576,4.0,5.0,2.0,2.0,2.0,1.0
577,5.0,4.0,1.0,1.0,5.0,4.0
578,4.0,5.0,2.0,2.0,2.0,1.0
579,4.0,5.0,1.0,2.0,3.0,1.0
580,1.0,3.0,3.0,1.0,5.0,4.0
581,5.0,5.0,2.0,1.0,3.0,1.0
582,3.0,5.0,1.0,2.0,5.0,4.0
583,4.0,5.0,1.0,2.0,5.0,4.0
584,4.0,5.0,1.0,1.0,5.0,4.0
585,4.0,5.0,1.0,1.0,4.0,4.0
586,2.0,2.0,2.0,1.0,5.0,4.0
587,1.0,3.0,3.0,1.0,5.0,3.0
588,1.0,3.0,3.0,1.0,5.0,4.0
589,4.0,5.0,1.0,1.0,5.0,3.0
590,5.0,5.0,1.0,1.0,5.0,4.0
591,1.0,4.0,3.0,1.0,5.0,3.0
592,5.0,5.0,3.0,2.0,2.0,1.0
593,5.0,5.0,1.0,3.0,2.0,1.0
594,5.0,5.0,1.0,4.0,2.0,1.0
595,4.0,5.0,2.0,1.0,2.0,1.0
596,1.0,3.0,3.0,1.0,4.0,4.0
597,5.0,5.0,1.0,1.0,5.0,4.0
598,5.0,5.0,1.0,2.0,3.0,1.0
599,5.0,5.0,2.0,3.0,2.0,1.0
600,5.0,5.0,1.0,2.0,5.0,4.0
601,5.0,5.0,3.0,1.0,2.0,1.0
602,1.0,3.0,3.0,1.0,5.0,4.0
603,5.0,5.0,1.0,2.0,2.0,2.0
604,2.0,3.0,3.0,1.0,4.0,4.0
605,1.0,4.0,3.0,1.0,5.0,3.0
606,1.0,2.0,2.0,1.0,5.0,4.0
607,3.0,5.0,1.0,2.0,5.0,4.0
608,1.0,3.0,3.0,1.0,5.0,4.0
609,1.0,4.0,3.0,2.0,5.0,5.0
610,1.0,3.0,2.0,1.0,5.0,5.0
611,1.0,3.0,3.0,1.0,5.0,4.0
612,5.0,5.0,2.0,2.0,2.0,1.0
613,3.0,5.0,1.0,1.0,5.0,5.0
614,3.0,5.0,1.0,2.0,5.0,4.0
615,4.0,5.0,1.0,2.0,2.0,1.0
616,1.0,3.0,3.0,1.0,4.0,4.0
617,1.0,2.0,3.0,2.0,5.0,3.0
618,4.0,5.0,2.0,1.0,2.0,1.0
619,4.0,5.0,1.0,1.0,5.0,4.0
620,5.0,5.0,3.0,1.0,2.0,1.0
621,1.0,4.0,3.0,1.0,5.0,4.0
622,1.0,3.0,4.0,2.0,5.0,4.0
623,4.0,5.0,1.0,1.0,5.0,4.0
624,5.0,5.0,2.0,2.0,2.0,1.0
625,1.0,3.0,4.0,1.0,4.0,3.0
626,5.0,4.0,1.0,1.0,5.0,4.0
627,1.0,3.0,3.0,1.0,5.0,2.0
628,1.0,3.0,3.0,1.0,5.0,4.0
629,5.0,5.0,2.0,1.0,1.0,1.0
630,5.0,5.0,2.0,1.0,3.0,1.0
631,4.0,5.0,1.0,1.0,5.0,4.0
632,5.0,4.0,1.0,1.0,5.0,4.0
633,1.0,4.0,3.0,1.0,5.0,4.0
634,3.0,5.0,2.0,1.0,5.0,4.0
635,3.0,4.0,1.0,1.0,5.0,4.0
636,1.0,3.0,3.0,1.0,5.0,4.0
637,5.0,5.0,2.0,2.0,1.0,1.0
638,5.0,5.0,2.0,2.0,2.0,1.0
639,4.0,5.0,1.0,1.0,5.0,5.0
640,2.0,3.0,3.0,2.0,5.0,4.0
641,5.0,5.0,2.0,2.0,2.0,1.0
642,1.0,3.0,3.0,2.0,4.0,4.0
643,4.0,5.0,2.0,1.0,3.0,1.0
644,1.0,3.0,3.0,1.0,5.0,4.0
645,4.0,5.0,1.0,1.0,5.0,4.0
646,1.0,3.0,3.0,1.0,5.0,5.0
647,1.0,3.0,3.0,1.0,4.0,4.0
648,4.0,5.0,1.0,1.0,5.0,4.0
649,5.0,5.0,2.0,2.0,3.0,1.0
650,1.0,3.0,2.0,1.0,5.0,3.0
651,1.0,3.0,3.0,1.0,5.0,4.0
652,4.0,5.0,2.0,2.0,1.0,1.0
653,2.0,3.0,3.0,1.0,5.0,5.0
654,5.0,5.0,2.0,1.0,2.0,1.0
655,1.0,3.0,3.0,1.0,5.0,4.0
656,1.0,2.0,3.0,1.0,4.0,4.0
657,1.0,3.0,4.0,5.0,1.0,5.0
658,4.0,5.0,1.0,1.0,5.0,4.0
659,5.0,5.0,1.0,1.0,5.0,3.0
660,5.0,5.0,2.0,1.0,4.0,4.0
661,4.0,5.0,1.0,1.0,5.0,4.0
662,4.0,5.0,1.0,1.0,5.0,4.0
663,4.0,5.0,1.0,1.0,5.0,4.0
664,1.0,3.0,3.0,1.0,5.0,4.0
665,5.0,5.0,2.0,3.0,1.0,1.0
666,1.0,4.0,3.0,1.0,5.0,4.0
667,5.0,5.0,2.0,2.0,1.0,1.0
668,3.0,5.0,2.0,1.0,5.0,5.0
669,1.0,3.0,3.0,1.0,5.0,3.0
670,4.0,5.0,2.0,3.0,2.0,1.0
671,5.0,5.0,1.0,1.0,5.0,4.0
672,4.0,5.0,1.0,1.0,5.0,4.0
673,4.0,5.0,1.0,1.0,5.0,3.0
674,5.0,5.0,2.0,3.0,2.0,1.0
675,1.0,3.0,3.0,1.0,5.0,5.0
676,5.0,4.0,1.0,3.0,2.0,1.0
677,5.0,5.0,1.0,1.0,5.0,4.0
678,5.0,5.0,2.0,1.0,2.0,1.0
679,4.0,5.0,1.0,1.0,5.0,4.0
680,4.0,5.0,1.0,1.0,5.0,5.0
681,3.0,5.0,1.0,1.0,5.0,3.0
682,1.0,3.0,3.0,1.0,5.0,4.0
683,4.0,5.0,2.0,2.0,2.0,1.0
684,4.0,5.0,2.0,1.0,5.0,4.0
685,1.0,4.0,3.0,1.0,5.0,4.0
686,1.0,3.0,3.0,1.0,5.0,4.0
687,5.0,5.0,2.0,2.0,3.0,1.0
688,4.0,5.0,1.0,1.0,5.0,5.0
689,4.0,5.0,1.0,1.0,5.0,4.0
690,3.0,5.0,1.0,1.0,5.0,4.0
691,1.0,3.0,3.0,1.0,5.0,4.0
692,4.0,5.0,1.0,1.0,5.0,5.0
693,4.0,5.0,1.0,1.0,5.0,5.0
694,1.0,2.0,3.0,4.0,1.0,5.0
695,4.0,5.0,2.0,2.0,5.0,4.0
696,5.0,4.0,2.0,2.0,2.0,2.0
697,1.0,3.0,2.0,1.0,4.0,4.0
698,1.0,3.0,3.0,1.0,5.0,4.0
699,4.0,5.0,2.0,1.0,4.0,5.0
700,1.0,4.0,3.0,1.0,5.0,4.0
701,5.0,5.0,2.0,3.0,2.0,2.0
702,1.0,3.0,3.0,1.0,5.0,4.0
703,1.0,3.0,2.0,1.0,5.0,4.0
704,5.0,4.0,1.0,1.0,5.0,4.0
705,4.0,4.0,1.0,1.0,5.0,4.0
706,4.0,5.0,1.0,1.0,5.0,4.0
707,5.0,5.0,2.0,3.0,2.0,1.0
708,5.0,5.0,2.0,3.0,2.0,1.0
709,4.0,5.0,1.0,1.0,5.0,4.0
710,1.0,3.0,3.0,2.0,5.0,3.0
711,4.0,5.0,1.0,1.0,5.0,4.0
712,4.0,5.0,1.0,1.0,5.0,4.0
713,1.0,3.0,3.0,1.0,4.0,4.0
714,4.0,5.0,1.0,1.0,5.0,4.0
715,5.0,5.0,2.0,3.0,2.0,1.0
716,4.0,5.0,1.0,1.0,5.0,4.0
717,1.0,3.0,3.0,1.0,5.0,4.0
718,5.0,5.0,3.0,2.0,2.0,1.0
719,4.0,5.0,2.0,2.0,1.0,1.0
720,2.0,4.0,3.0,1.0,4.0,4.0
721,1.0,2.0,3.0,1.0,5.0,4.0
722,3.0,5.0,1.0,1.0,5.0,5.0
723,2.0,1.0,3.0,5.0,1.0,5.0
724,4.0,5.0,1.0,1.0,5.0,4.0
725,4.0,5.0,2.0,1.0,5.0,4.0
726,5.0,5.0,2.0,3.0,2.0,1.0
727,5.0,5.0,1.0,2.0,2.0,2.0
728,1.0,3.0,3.0,1.0,5.0,4.0
729,4.0,5.0,1.0,1.0,5.0,5.0
730,2.0,4.0,3.0,1.0,4.0,4.0
731,4.0,5.0,1.0,1.0,5.0,3.0
732,5.0,5.0,2.0,2.0,2.0,2.0
733,4.0,4.0,1.0,2.0,5.0,4.0
734,5.0,5.0,2.0,2.0,2.0,1.0
735,1.0,3.0,3.0,1.0,5.0,3.0
736,1.0,3.0,4.0,1.0,5.0,4.0
737,1.0,3.0,3.0,1.0,5.0,5.0
738,5.0,5.0,2.0,2.0,2.0,2.0
739,5.0,5.0,1.0,2.0,3.0,1.0
740,1.0,2.0,3.0,5.0,1.0,5.0
741,1.0,3.0,4.0,1.0,5.0,4.0
742,2.0,3.0,4.0,1.0,4.0,4.0
743,4.0,5.0,3.0,3.0,2.0,1.0
744,4.0,5.0,2.0,1.0,5.0,4.0
745,1.0,3.0,3.0,1.0,5.0,4.0
746,5.0,5.0,2.0,2.0,2.0,1.0
747,4.0,5.0,1.0,1.0,4.0,4.0
748,5.0,5.0,3.0,2.0,3.0,1.0
749,1.0,2.0,2.0,1.0,5.0,4.0
750,4.0,5.0,1.0,1.0,4.0,3.0
751,2.0,4.0,4.0,1.0,5.0,4.0
752,4.0,5.0,2.0,1.0,5.0,4.0
753,3.0,5.0,1.0,1.0,5.0,4.0
754,1.0,3.0,3.0,1.0,5.0,4.0
755,5.0,4.0,2.0,2.0,2.0,1.0
756,5.0,5.0,2.0,1.0,5.0,4.0
757,4.0,5.0,1.0,1.0,5.0,5.0
758,5.0,5.0,1.0,2.0,2.0,1.0
759,5.0,5.0,2.0,1.0,2.0,1.0
760,1.0,3.0,3.0,1.0,5.0,4.0
761,1.0,3.0,4.0,1.0,5.0,4.0
762,5.0,5.0,2.0,2.0,2.0,3.0
763,4.0,5.0,3.0,2.0,2.0,1.0
764,5.0,5.0,2.0,2.0,2.0,1.0
765,1.0,3.0,3.0,1.0,5.0,5.0
766,5.0,4.0,1.0,2.0,2.0,1.0
767,4.0,5.0,1.0,2.0,4.0,3.0
768,2.0,2.0,3.0,1.0,5.0,4.0
769,5.0,5.0,2.0,2.0,3.0,1.0
770,4.0,5.0,1.0,1.0,5.0,4.0
771,1.0,2.0,3.0,5.0,1.0,5.0
772,4.0,5.0,2.0,1.0,5.0,4.0
773,5.0,5.0,2.0,2.0,2.0,1.0
774,1.0,2.0,2.0,1.0,5.0,4.0
775,5.0,5.0,1.0,2.0,2.0,1.0
776,5.0,5.0,2.0,2.0,2.0,1.0
777,4.0,5.0,1.0,1.0,5.0,4.0
778,4.0,5.0,1.0,1.0,5.0,4.0
779,5.0,5.0,1.0,1.0,5.0,4.0
780,5.0,5.0,3.0,2.0,2.0,1.0
781,5.0,4.0,1.0,3.0,2.0,1.0
782,1.0,3.0,3.0,1.0,5.0,4.0
783,2.0,3.0,3.0,1.0,4.0,4.0
784,4.0,5.0,1.0,1.0,1.0,1.0
785,5.0,5.0,2.0,2.0,2.0,1.0
786,1.0,3.0,3.0,1.0,5.0,5.0
787,5.0,5.0,3.0,3.0,3.0,2.0
788,4.0,4.0,2.0,2.0,1.0,1.0
789,5.0,5.0,1.0,3.0,3.0,1.0
790,4.0,5.0,2.0,1.0,5.0,4.0
791,1.0,3.0,4.0,1.0,5.0,4.0
792,4.0,4.0,2.0,1.0,5.0,4.0
793,4.0,5.0,3.0,3.0,2.0,1.0
794,4.0,5.0,1.0,1.0,5.0,3.0
795,4.0,5.0,1.0,1.0,5.0,4.0
796,2.0,3.0,2.0,1.0,5.0,5.0
797,2.0,3.0,4.0,1.0,5.0,4.0
798,2.0,3.0,4.0,2.0,5.0,4.0
799,1.0,3.0,3.0,1.0,5.0,4.0
800,5.0,5.0,1.0,1.0,5.0,4.0
801,3.0,5.0,1.0,1.0,5.0,3.0
802,5.0,5.0,2.0,2.0,2.0,1.0
803,3.0,4.0,1.0,1.0,5.0,3.0
804,2.0,3.0,3.0,1.0,5.0,4.0
805,1.0,3.0,3.0,1.0,5.0,3.0
806,1.0,3.0,2.0,1.0,5.0,4.0
807,5.0,5.0,2.0,2.0,3.0,1.0
808,5.0,5.0,1.0,2.0,2.0,1.0
809,5.0,5.0,2.0,2.0,1.0,1.0
810,5.0,5.0,1.0,1.0,1.0,1.0
811,5.0,5.0,2.0,2.0,1.0,1.0
812,5.0,5.0,1.0,1.0,5.0,4.0
813,5.0,5.0,2.0,2.0,2.0,1.0
814,5.0,5.0,2.0,2.0,2.0,1.0
815,1.0,3.0,3.0,1.0,5.0,4.0
816,2.0,3.0,3.0,1.0,5.0,3.0
817,4.0,5.0,1.0,1.0,5.0,4.0
818,1.0,4.0,3.0,1.0,4.0,4.0
819,5.0,4.0,2.0,3.0,1.0,1.0
820,3.0,5.0,2.0,2.0,5.0,4.0
821,1.0,3.0,2.0,1.0,5.0,4.0
822,4.0,5.0,2.0,2.0,2.0,1.0
823,5.0,5.0,2.0,2.0,2.0,1.0
824,3.0,5.0,1.0,1.0,4.0,4.0
825,1.0,2.0,3.0,5.0,1.0,5.0
826,5.0,5.0,1.0,2.0,1.0,2.0
827,5.0,5.0,2.0,2.0,2.0,1.0
828,5.0,5.0,1.0,2.0,2.0,1.0
829,5.0,5.0,2.0,2.0,2.0,1.0
830,4.0,5.0,2.0,1.0,5.0,4.0
831,4.0,5.0,2.0,2.0,5.0,3.0
832,5.0,5.0,2.0,2.0,3.0,1.0
833,3.0,5.0,1.0,1.0,5.0,4.0
834,1.0,3.0,4.0,1.0,5.0,5.0
835,4.0,5.0,2.0,1.0,5.0,4.0
836,4.0,5.0,1.0,2.0,5.0,4.0
837,1.0,3.0,3.0,1.0,5.0,5.0
838,5.0,5.0,2.0,2.0,2.0,1.0
839,5.0,5.0,2.0,1.0,2.0,1.0
840,4.0,5.0,1.0,1.0,5.0,4.0
841,4.0,5.0,2.0,2.0,1.0,1.0
842,5.0,5.0,2.0,2.0,1.0,1.0
843,4.0,5.0,1.0,1.0,5.0,4.0
844,1.0,2.0,4.0,2.0,5.0,3.0
845,4.0,5.0,2.0,2.0,3.0,1.0
846,1.0,3.0,3.0,1.0,5.0,4.0
847,1.0,1.0,2.0,5.0,1.0,5.0
848,5.0,4.0,1.0,1.0,5.0,4.0
849,5.0,5.0,2.0,2.0,3.0,2.0
850,4.0,5.0,1.0,1.0,4.0,4.0
851,1.0,3.0,3.0,1.0,5.0,4.0
852,1.0,3.0,3.0,1.0,5.0,3.0
853,2.0,3.0,3.0,1.0,4.0,3.0
854,3.0,5.0,1.0,1.0,5.0,4.0
855,1.0,2.0,3.0,1.0,5.0,4.0
856,1.0,3.0,3.0,1.0,4.0,4.0
857,5.0,5.0,2.0,2.0,2.0,1.0
858,2.0,2.0,3.0,1.0,4.0,4.0
859,1.0,3.0,3.0,1.0,5.0,4.0
860,1.0,3.0,3.0,1.0,5.0,4.0
861,5.0,5.0,2.0,1.0,2.0,1.0
862,4.0,5.0,1.0,1.0,5.0,4.0
863,1.0,3.0,2.0,1.0,5.0,4.0
864,1.0,3.0,3.0,1.0,5.0,5.0
865,4.0,5.0,1.0,1.0,4.0,3.0
866,5.0,5.0,2.0,1.0,1.0,1.0
867,4.0,5.0,2.0,2.0,2.0,1.0
868,5.0,5.0,2.0,2.0,1.0,1.0
869,5.0,5.0,2.0,2.0,3.0,1.0
870,5.0,5.0,2.0,2.0,2.0,2.0
871,5.0,5.0,2.0,2.0,2.0,1.0
872,2.0,3.0,4.0,1.0,5.0,5.0
873,5.0,5.0,2.0,2.0,3.0,1.0
874,1.0,3.0,3.0,2.0,4.0,4.0
875,1.0,4.0,3.0,1.0,5.0,3.0
876,3.0,5.0,1.0,1.0,5.0,4.0
877,4.0,5.0,1.0,1.0,5.0,4.0
878,1.0,3.0,4.0,1.0,5.0,4.0
879,2.0,3.0,2.0,1.0,5.0,4.0
880,5.0,5.0,2.0,3.0,2.0,1.0
881,1.0,3.0,2.0,1.0,4.0,4.0
882,1.0,3.0,4.0,2.0,4.0,3.0
883,1.0,3.0,4.0,2.0,5.0,4.0
884,5.0,5.0,2.0,1.0,2.0,1.0
885,1.0,3.0,2.0,2.0,4.0,5.0
886,4.0,5.0,1.0,1.0,5.0,4.0
887,5.0,5.0,3.0,2.0,1.0,1.0
888,4.0,5.0,1.0,1.0,2.0,1.0
889,4.0,4.0,1.0,1.0,5.0,4.0
890,5.0,4.0,2.0,1.0,3.0,1.0
891,4.0,5.0,1.0,2.0,5.0,4.0
892,1.0,2.0,3.0,1.0,5.0,4.0
893,5.0,5.0,2.0,2.0,1.0,1.0
894,5.0,5.0,2.0,2.0,2.0,2.0
895,5.0,5.0,2.0,2.0,2.0,1.0
896,1.0,3.0,4.0,1.0,5.0,4.0
897,4.0,5.0,1.0,1.0,5.0,4.0
898,1.0,3.0,3.0,1.0,5.0,4.0
899,5.0,5.0,3.0,2.0,1.0,1.0
900,5.0,5.0,1.0,2.0,2.0,1.0
901,5.0,5.0,1.0,2.0,3.0,1.0
902,1.0,3.0,2.0,1.0,5.0,4.0
903,4.0,5.0,2.0,1.0,1.0,1.0
904,5.0,5.0,2.0,3.0,3.0,1.0
905,5.0,5.0,2.0,2.0,3.0,1.0
906,1.0,3.0,3.0,1.0,5.0,4.0
907,5.0,5.0,2.0,3.0,2.0,1.0
908,4.0,4.0,1.0,2.0,5.0,4.0
909,4.0,5.0,1.0,1.0,5.0,4.0
910,1.0,4.0,4.0,1.0,5.0,4.0
911,5.0,5.0,2.0,2.0,1.0,1.0
912,1.0,3.0,4.0,1.0,5.0,5.0
913,1.0,3.0,3.0,1.0,5.0,3.0
914,5.0,5.0,2.0,1.0,2.0,1.0
915,1.0,3.0,2.0,1.0,4.0,4.0
916,1.0,1.0,4.0,5.0,1.0,4.0
917,4.0,5.0,1.0,1.0,5.0,4.0
918,5.0,5.0,2.0,2.0,2.0,1.0
919,4.0,5.0,2.0,3.0,2.0,2.0
920,4.0,5.0,3.0,2.0,2.0,1.0
921,4.0,5.0,1.0,2.0,5.0,4.0
922,5.0,5.0,3.0,1.0,2.0,1.0
923,2.0,3.0,3.0,1.0,5.0,3.0
924,4.0,4.0,1.0,1.0,5.0,3.0
925,1.0,4.0,3.0,1.0,3.0,3.0
926,5.0,5.0,2.0,2.0,2.0,1.0
927,5.0,5.0,1.0,1.0,5.0,4.0
928,5.0,5.0,2.0,2.0,2.0,1.0
929,4.0,5.0,1.0,1.0,5.0,4.0
930,5.0,5.0,3.0,2.0,2.0,1.0
931,5.0,5.0,1.0,2.0,5.0,4.0
932,4.0,5.0,1.0,1.0,5.0,4.0
933,5.0,5.0,2.0,2.0,3.0,1.0
934,5.0,5.0,2.0,2.0,2.0,1.0
935,5.0,5.0,2.0,2.0,2.0,1.0
936,4.0,5.0,1.0,3.0,2.0,1.0
937,4.0,5.0,1.0,1.0,5.0,4.0
938,5.0,5.0,3.0,2.0,3.0,1.0
939,5.0,5.0,2.0,2.0,4.0,1.0
940,3.0,4.0,1.0,1.0,5.0,4.0
941,5.0,5.0,1.0,2.0,1.0,1.0
942,5.0,5.0,2.0,2.0,1.0,1.0
943,3.0,5.0,2.0,1.0,5.0,5.0
944,3.0,5.0,1.0,1.0,5.0,4.0
945,4.0,4.0,1.0,1.0,5.0,4.0
946,4.0,5.0,1.0,2.0,5.0,4.0
947,4.0,5.0,1.0,2.0,5.0,4.0
948,4.0,5.0,1.0,1.0,5.0,4.0
949,1.0,2.0,3.0,1.0,5.0,3.0
950,1.0,3.0,3.0,1.0,5.0,4.0
951,3.0,5.0,2.0,2.0,5.0,4.0
952,1.0,3.0,3.0,1.0,5.0,3.0
953,1.0,2.0,3.0,5.0,1.0,4.0
954,1.0,2.0,3.0,2.0,5.0,3.0
955,5.0,5.0,1.0,1.0,5.0,4.0
956,1.0,3.0,4.0,1.0,5.0,4.0
957,5.0,5.0,2.0,2.0,1.0,2.0
958,5.0,5.0,3.0,2.0,3.0,1.0
959,4.0,5.0,2.0,1.0,5.0,3.0
960,1.0,3.0,3.0,1.0,5.0,4.0
961,1.0,2.0,3.0,1.0,5.0,4.0
962,1.0,3.0,3.0,1.0,5.0,4.0
963,1.0,3.0,3.0,1.0,5.0,5.0
964,1.0,2.0,4.0,2.0,5.0,5.0
965,4.0,5.0,1.0,1.0,4.0,4.0
966,3.0,5.0,2.0,1.0,5.0,5.0
967,3.0,5.0,1.0,2.0,5.0,4.0
968,1.0,3.0,4.0,1.0,5.0,3.0
969,4.0,5.0,1.0,2.0,5.0,4.0
970,4.0,5.0,1.0,1.0,5.0,3.0
971,1.0,3.0,3.0,1.0,5.0,5.0
972,1.0,3.0,3.0,1.0,5.0,5.0
973,3.0,5.0,1.0,1.0,5.0,3.0
974,1.0,3.0,3.0,1.0,5.0,4.0
975,1.0,2.0,3.0,5.0,1.0,4.0
976,5.0,5.0,2.0,2.0,2.0,1.0
977,5.0,5.0,2.0,1.0,2.0,1.0
978,1.0,3.0,3.0,1.0,5.0,4.0
979,1.0,3.0,3.0,1.0,4.0,5.0
980,1.0,3.0,3.0,1.0,5.0,4.0
981,5.0,5.0,3.0,2.0,2.0,3.0
982,4.0,5.0,2.0,1.0,5.0,4.0
983,4.0,5.0,2.0,2.0,2.0,2.0
984,5.0,5.0,1.0,1.0,5.0,4.0
985,3.0,5.0,2.0,2.0,5.0,4.0
986,5.0,5.0,3.0,2.0,2.0,2.0
987,5.0,5.0,1.0,2.0,2.0,1.0
988,1.0,3.0,3.0,1.0,5.0,4.0
989,3.0,5.0,1.0,1.0,5.0,3.0
990,2.0,3.0,3.0,1.0,5.0,3.0
991,5.0,4.0,2.0,2.0,2.0,1.0
992,4.0,5.0,2.0,1.0,5.0,3.0
993,4.0,5.0,1.0,1.0,5.0,4.0
994,5.0,5.0,1.0,2.0,2.0,1.0
995,5.0,5.0,2.0,1.0,1.0,1.0
996,4.0,5.0,1.0,2.0,5.0,5.0
997,5.0,5.0,3.0,2.0,3.0,1.0
998,1.0,3.0,3.0,1.0,5.0,3.0
999,5.0,5.0,2.0,2.0,2.0,1.0
1000,4.0,5.0,1.0,1.0,5.0,4.0
1001,5.0,5.0,2.0,2.0,2.0,1.0
1002,1.0,3.0,4.0,1.0,5.0,4.0
1003,1.0,3.0,3.0,1.0,5.0,3.0
1004,5.0,5.0,2.0,1.0,2.0,1.0
1005,4.0,5.0,1.0,1.0,5.0,5.0
1006,4.0,5.0,1.0,2.0,5.0,4.0
1007,1.0,3.0,2.0,1.0,5.0,4.0
1008,4.0,4.0,1.0,1.0,5.0,3.0
1009,4.0,5.0,1.0,1.0,5.0,4.0
1010,2.0,3.0,2.0,2.0,5.0,4.0
1011,1.0,3.0,3.0,1.0,5.0,4.0
1012,1.0,3.0,3.0,1.0,5.0,3.0
1013,4.0,5.0,2.0,2.0,5.0,3.0
1014,4.0,5.0,1.0,1.0,4.0,4.0
1015,4.0,4.0,2.0,2.0,1.0,1.0
1016,5.0,5.0,3.0,2.0,2.0,1.0
1017,4.0,5.0,2.0,2.0,1.0,1.0
1018,4.0,5.0,1.0,1.0,5.0,4.0
1019,5.0,5.0,2.0,2.0,2.0,1.0
1020,1.0,4.0,3.0,1.0,5.0,4.0
1021,5.0,5.0,2.0,3.0,3.0,1.0
1022,4.0,5.0,1.0,1.0,5.0,4.0
1023,1.0,3.0,2.0,1.0,4.0,3.0
1024,4.0,5.0,1.0,1.0,5.0,4.0
1025,3.0,5.0,1.0,2.0,5.0,4.0
1026,1.0,2.0,3.0,5.0,2.0,5.0
1027,5.0,5.0,2.0,2.0,2.0,1.0
1028,1.0,3.0,3.0,2.0,5.0,4.0
1029,2.0,3.0,3.0,1.0,5.0,4.0
1030,5.0,5.0,2.0,1.0,2.0,1.0
1031,4.0,5.0,1.0,1.0,5.0,5.0
1032,5.0,5.0,3.0,2.0,2.0,1.0
1033,5.0,5.0,2.0,2.0,2.0,1.0
1034,4.0,5.0,1.0,2.0,5.0,3.0
1035,5.0,4.0,1.0,1.0,5.0,4.0
1036,5.0,5.0,2.0,2.0,3.0,1.0
1037,5.0,5.0,3.0,2.0,1.0,1.0
1038,1.0,3.0,4.0,1.0,5.0,3.0
1039,3.0,5.0,1.0,1.0,5.0,4.0
1040,5.0,4.0,1.0,2.0,2.0,1.0
1041,1.0,3.0,4.0,1.0,5.0,3.0
1042,5.0,5.0,2.0,2.0,1.0,1.0
1043,4.0,5.0,1.0,1.0,4.0,4.0
1044,2.0,2.0,3.0,2.0,5.0,4.0
1045,1.0,3.0,3.0,4.0,1.0,5.0
1046,2.0,3.0,4.0,1.0,5.0,4.0
1047,1.0,3.0,4.0,2.0,5.0,4.0
1048,4.0,5.0,1.0,1.0,5.0,5.0
1049,1.0,3.0,3.0,1.0,5.0,4.0
1050,3.0,5.0,1.0,2.0,5.0,4.0
1051,5.0,5.0,1.0,1.0,5.0,4.0
1052,5.0,5.0,2.0,2.0,2.0,1.0
1053,4.0,5.0,2.0,1.0,5.0,3.0
1054,1.0,2.0,4.0,1.0,5.0,4.0
1055,4.0,5.0,1.0,1.0,5.0,5.0
1056,1.0,3.0,3.0,1.0,5.0,4.0
1057,1.0,2.0,3.0,1.0,5.0,4.0
1058,4.0,5.0,1.0,1.0,5.0,3.0
1059,5.0,5.0,1.0,1.0,5.0,4.0
1060,5.0,5.0,2.0,2.0,1.0,1.0
1061,4.0,4.0,1.0,1.0,5.0,3.0
1062,4.0,5.0,1.0,2.0,5.0,4.0
1063,1.0,3.0,3.0,2.0,4.0,3.0
1064,5.0,5.0,3.0,2.0,2.0,1.0
1065,3.0,5.0,1.0,1.0,4.0,5.0
1066,3.0,5.0,1.0,2.0,5.0,4.0
1067,4.0,5.0,1.0,1.0,5.0,4.0
1068,4.0,5.0,1.0,1.0,5.0,4.0
1069,4.0,5.0,2.0,1.0,5.0,5.0
1070,5.0,5.0,3.0,2.0,2.0,1.0
1071,2.0,3.0,2.0,1.0,5.0,4.0
1072,5.0,5.0,3.0,2.0,2.0,1.0
1073,2.0,3.0,3.0,1.0,5.0,4.0
1074,1.0,3.0,2.0,1.0,4.0,4.0
1075,1.0,3.0,3.0,1.0,5.0,5.0
1076,5.0,5.0,1.0,1.0,5.0,5.0
1077,1.0,3.0,3.0,1.0,5.0,3.0
1078,5.0,5.0,3.0,2.0,2.0,1.0
1079,1.0,3.0,3.0,1.0,5.0,4.0
1080,1.0,4.0,3.0,1.0,5.0,4.0
1081,1.0,3.0,3.0,2.0,5.0,4.0
1082,5.0,5.0,2.0,2.0,2.0,1.0
1083,1.0,3.0,3.0,1.0,5.0,4.0
1084,4.0,5.0,1.0,1.0,5.0,4.0
1085,5.0,5.0,2.0,2.0,2.0,1.0
1086,5.0,5.0,2.0,2.0,3.0,2.0
1087,4.0,5.0,1.0,1.0,5.0,2.0
1088,2.0,4.0,3.0,1.0,4.0,4.0
1089,1.0,3.0,3.0,2.0,5.0,3.0
1090,4.0,5.0,1.0,1.0,4.0,4.0
1091,5.0,5.0,1.0,2.0,2.0,1.0
1092,2.0,3.0,3.0,1.0,5.0,3.0
1093,5.0,5.0,2.0,2.0,2.0,1.0
1094,4.0,4.0,1.0,1.0,4.0,4.0
1095,4.0,5.0,1.0,1.0,5.0,5.0
1096,5.0,5.0,2.0,2.0,1.0,1.0
1097,5.0,5.0,2.0,2.0,2.0,1.0
1098,1.0,3.0,3.0,1.0,4.0,4.0
1099,5.0,4.0,2.0,1.0,4.0,4.0
1100,4.0,5.0,1.0,1.0,5.0,4.0
1101,5.0,5.0,1.0,2.0,2.0,1.0
1102,5.0,5.0,3.0,1.0,2.0,1.0
1103,5.0,4.0,1.0,1.0,5.0,4.0
1104,5.0,5.0,2.0,2.0,2.0,1.0
1105,5.0,4.0,2.0,2.0,3.0,2.0
1106,4.0,5.0,1.0,1.0,5.0,4.0
1107,5.0,5.0,3.0,2.0,3.0,1.0
1108,4.0,4.0,1.0,1.0,5.0,5.0
1109,5.0,4.0,2.0,2.0,4.0,5.0
1110,4.0,5.0,1.0,1.0,5.0,3.0
1111,2.0,2.0,3.0,5.0,1.0,5.0
1112,4.0,5.0,1.0,1.0,5.0,4.0
1113,1.0,3.0,3.0,1.0,5.0,3.0
1114,4.0,5.0,2.0,3.0,2.0,1.0
1115,1.0,3.0,3.0,5.0,1.0,5.0
1116,5.0,5.0,2.0,3.0,2.0,1.0
1117,4.0,4.0,1.0,1.0,5.0,4.0
1118,2.0,3.0,3.0,1.0,5.0,4.0
1119,4.0,5.0,1.0,1.0,5.0,4.0
1120,1.0,3.0,3.0,1.0,5.0,4.0
1121,3.0,5.0,1.0,1.0,5.0,3.0
1122,5.0,5.0,2.0,2.0,2.0,1.0
1123,1.0,3.0,3.0,1.0,5.0,4.0
1124,1.0,3.0,3.0,1.0,4.0,4.0
1125,2.0,3.0,3.0,2.0,5.0,4.0
1126,5.0,5.0,2.0,2.0,2.0,1.0
1127,4.0,5.0,1.0,1.0,5.0,3.0
1128,1.0,3.0,3.0,1.0,5.0,4.0
1129,5.0,5.0,2.0,2.0,2.0,2.0
1130,4.0,5.0,1.0,1.0,5.0,4.0
1131,2.0,3.0,3.0,1.0,4.0,4.0
1132,5.0,4.0,2.0,1.0,2.0,1.0
1133,4.0,5.0,1.0,1.0,4.0,4.0
1134,1.0,2.0,3.0,1.0,5.0,5.0
1135,1.0,3.0,3.0,1.0,5.0,4.0
1136,5.0,4.0,1.0,1.0,5.0,4.0
1137,4.0,5.0,1.0,1.0,5.0,4.0
1138,1.0,3.0,3.0,1.0,5.0,4.0
1139,4.0,4.0,2.0,1.0,5.0,4.0
1140,5.0,5.0,2.0,2.0,2.0,1.0
1141,1.0,4.0,3.0,1.0,5.0,4.0
1142,5.0,5.0,1.0,2.0,2.0,2.0
1143,5.0,5.0,2.0,3.0,3.0,1.0
1144,4.0,5.0,2.0,3.0,3.0,1.0
1145,4.0,5.0,2.0,2.0,5.0,4.0
1146,5.0,5.0,1.0,2.0,3.0,2.0
1147,1.0,3.0,3.0,2.0,5.0,4.0
1148,5.0,5.0,1.0,1.0,5.0,5.0
1149,5.0,5.0,2.0,2.0,1.0,1.0
1150,5.0,5.0,3.0,2.0,2.0,1.0
1151,3.0,5.0,1.0,1.0,5.0,4.0
1152,2.0,3.0,4.0,1.0,5.0,3.0
1153,4.0,5.0,1.0,1.0,5.0,4.0
1154,4.0,5.0,1.0,1.0,5.0,5.0
1155,5.0,5.0,2.0,2.0,2.0,1.0
1156,4.0,5.0,1.0,1.0,5.0,4.0
1157,1.0,3.0,3.0,1.0,5.0,5.0
1158,2.0,2.0,3.0,5.0,2.0,5.0
1159,5.0,5.0,2.0,3.0,3.0,1.0
1160,1.0,3.0,3.0,1.0,5.0,4.0
1161,1.0,4.0,3.0,1.0,4.0,4.0
1162,3.0,5.0,1.0,1.0,5.0,4.0
1163,5.0,5.0,2.0,3.0,1.0,1.0
1164,5.0,5.0,3.0,2.0,2.0,1.0
1165,4.0,5.0,1.0,1.0,5.0,4.0
1166,4.0,5.0,1.0,1.0,5.0,4.0
1167,5.0,5.0,2.0,1.0,2.0,1.0
1168,5.0,5.0,2.0,3.0,1.0,1.0
1169,5.0,5.0,2.0,3.0,2.0,1.0
1170,1.0,2.0,3.0,1.0,5.0,3.0
1171,4.0,4.0,1.0,2.0,3.0,1.0
1172,5.0,4.0,2.0,1.0,4.0,4.0
1173,4.0,5.0,1.0,1.0,5.0,4.0
1174,4.0,5.0,1.0,1.0,5.0,4.0
1175,5.0,5.0,1.0,2.0,5.0,4.0
1176,3.0,5.0,1.0,1.0,4.0,4.0
1177,5.0,4.0,2.0,2.0,2.0,2.0
1178,3.0,5.0,1.0,1.0,5.0,4.0
1179,4.0,5.0,3.0,1.0,5.0,4.0
1180,5.0,5.0,2.0,1.0,1.0,1.0
1181,4.0,5.0,1.0,1.0,5.0,4.0
1182,4.0,4.0,1.0,1.0,5.0,4.0
1183,5.0,5.0,2.0,3.0,1.0,1.0
1184,1.0,3.0,3.0,1.0,5.0,4.0
1185,5.0,5.0,3.0,3.0,2.0,1.0
1186,4.0,5.0,1.0,1.0,5.0,4.0
1187,5.0,5.0,1.0,1.0,2.0,1.0
1188,4.0,5.0,1.0,1.0,5.0,4.0
1189,4.0,4.0,1.0,1.0,4.0,4.0
1190,4.0,5.0,1.0,2.0,5.0,4.0
1191,4.0,5.0,1.0,2.0,5.0,4.0
1192,5.0,5.0,1.0,1.0,5.0,4.0
1193,5.0,5.0,2.0,2.0,2.0,1.0
1194,3.0,4.0,2.0,1.0,5.0,4.0
1195,4.0,5.0,1.0,1.0,5.0,4.0
1196,1.0,3.0,4.0,1.0,5.0,4.0
1197,5.0,5.0,2.0,3.0,2.0,1.0
1198,5.0,5.0,2.0,1.0,2.0,2.0
1199,4.0,5.0,1.0,1.0,5.0,5.0
1200,5.0,5.0,2.0,2.0,1.0,1.0
1201,5.0,4.0,1.0,1.0,1.0,1.0
1202,1.0,3.0,2.0,1.0,4.0,4.0
1203,1.0,3.0,2.0,1.0,5.0,4.0
1204,2.0,3.0,2.0,1.0,4.0,4.0
1205,5.0,5.0,2.0,3.0,1.0,1.0
1206,5.0,5.0,3.0,3.0,2.0,1.0
1207,2.0,4.0,3.0,1.0,5.0,5.0
1208,4.0,5.0,2.0,3.0,2.0,2.0
1209,3.0,5.0,1.0,2.0,5.0,4.0
1210,5.0,5.0,2.0,1.0,5.0,4.0
1211,1.0,3.0,2.0,2.0,4.0,4.0
1212,4.0,5.0,1.0,2.0,5.0,4.0
1213,3.0,5.0,2.0,1.0,5.0,5.0
1214,4.0,4.0,1.0,1.0,5.0,5.0
1215,5.0,5.0,2.0,1.0,2.0,1.0
1216,2.0,3.0,4.0,1.0,5.0,3.0
1217,5.0,5.0,2.0,2.0,3.0,2.0
1218,5.0,5.0,2.0,2.0,2.0,1.0
1219,5.0,5.0,3.0,2.0,2.0,1.0
1220,2.0,2.0,2.0,5.0,1.0,4.0
1221,4.0,5.0,1.0,1.0,5.0,4.0
1222,5.0,5.0,2.0,2.0,2.0,2.0
1223,5.0,5.0,2.0,1.0,2.0,1.0
1224,1.0,3.0,3.0,1.0,5.0,4.0
1225,4.0,5.0,1.0,1.0,5.0,3.0
1226,5.0,5.0,2.0,2.0,3.0,1.0
1227,1.0,3.0,3.0,1.0,5.0,4.0
1228,4.0,5.0,1.0,1.0,1.0,2.0
1229,1.0,4.0,3.0,1.0,5.0,3.0
1230,4.0,5.0,1.0,1.0,5.0,5.0
1231,4.0,5.0,1.0,2.0,5.0,4.0
1232,4.0,5.0,1.0,1.0,5.0,4.0
1233,5.0,5.0,2.0,2.0,2.0,1.0
1234,5.0,5.0,1.0,2.0,2.0,1.0
1235,4.0,5.0,1.0,1.0,5.0,4.0
1236,3.0,4.0,1.0,1.0,5.0,4.0
1237,3.0,5.0,1.0,1.0,4.0,5.0
1238,1.0,3.0,3.0,1.0,5.0,4.0
1239,4.0,5.0,1.0,1.0,4.0,5.0
1240,5.0,5.0,2.0,2.0,3.0,1.0
1241,5.0,5.0,1.0,2.0,2.0,1.0
1242,5.0,5.0,1.0,2.0,3.0,1.0
1243,5.0,5.0,2.0,1.0,3.0,1.0
1244,5.0,4.0,2.0,2.0,1.0,1.0
1245,1.0,3.0,4.0,1.0,4.0,4.0
1246,5.0,5.0,1.0,1.0,5.0,4.0
1247,4.0,5.0,1.0,1.0,5.0,4.0
1248,5.0,5.0,1.0,2.0,2.0,1.0
1249,1.0,3.0,4.0,1.0,5.0,5.0
1250,4.0,5.0,2.0,2.0,2.0,2.0
1251,5.0,5.0,2.0,3.0,3.0,2.0
1252,5.0,5.0,2.0,2.0,2.0,1.0
1253,5.0,5.0,2.0,2.0,3.0,1.0
1254,4.0,5.0,1.0,1.0,5.0,4.0
1255,1.0,4.0,2.0,1.0,4.0,4.0
1256,4.0,5.0,1.0,1.0,5.0,4.0
1257,1.0,3.0,3.0,1.0,4.0,4.0
1258,5.0,5.0,2.0,1.0,5.0,5.0
1259,5.0,5.0,2.0,1.0,2.0,1.0
1260,5.0,5.0,1.0,2.0,2.0,2.0
1261,4.0,5.0,1.0,1.0,5.0,3.0
1262,4.0,4.0,1.0,1.0,5.0,4.0
1263,4.0,4.0,2.0,1.0,4.0,4.0
1264,4.0,5.0,1.0,1.0,5.0,5.0
1265,1.0,2.0,2.0,1.0,5.0,3.0
1266,2.0,2.0,1.0,4.0,1.0,5.0
1267,1.0,3.0,3.0,1.0,5.0,4.0
1268,3.0,5.0,1.0,1.0,5.0,4.0
1269,5.0,5.0,2.0,3.0,3.0,1.0
1270,4.0,4.0,1.0,1.0,5.0,4.0
1271,4.0,4.0,1.0,1.0,5.0,3.0
1272,5.0,4.0,2.0,1.0,2.0,1.0
1273,4.0,5.0,1.0,1.0,5.0,4.0
1274,5.0,4.0,3.0,1.0,2.0,2.0
1275,5.0,5.0,2.0,1.0,3.0,1.0
1276,1.0,2.0,4.0,5.0,1.0,5.0
1277,5.0,5.0,1.0,1.0,5.0,5.0
1278,5.0,5.0,1.0,2.0,3.0,1.0
1279,4.0,5.0,1.0,1.0,4.0,4.0
1280,4.0,5.0,1.0,1.0,5.0,5.0
1281,1.0,3.0,2.0,2.0,5.0,4.0
1282,3.0,5.0,1.0,1.0,4.0,4.0
1283,1.0,4.0,3.0,1.0,5.0,3.0
1284,4.0,5.0,2.0,2.0,5.0,4.0
1285,4.0,5.0,2.0,1.0,5.0,4.0
1286,1.0,2.0,3.0,1.0,5.0,3.0
1287,5.0,5.0,2.0,1.0,2.0,1.0
1288,1.0,3.0,3.0,1.0,5.0,3.0
1289,5.0,5.0,2.0,2.0,3.0,2.0
1290,5.0,4.0,2.0,3.0,1.0,1.0
1291,1.0,3.0,3.0,1.0,5.0,3.0
1292,5.0,5.0,2.0,2.0,2.0,1.0
1293,4.0,5.0,1.0,1.0,5.0,5.0
1294,5.0,5.0,2.0,1.0,2.0,1.0
1295,5.0,5.0,2.0,1.0,3.0,1.0
1296,5.0,5.0,2.0,2.0,1.0,1.0
1297,4.0,5.0,1.0,3.0,5.0,4.0
1298,5.0,5.0,2.0,2.0,2.0,1.0
1299,4.0,5.0,1.0,1.0,5.0,5.0
1300,5.0,4.0,2.0,2.0,2.0,1.0
1301,4.0,5.0,1.0,2.0,5.0,5.0
1302,4.0,5.0,2.0,2.0,2.0,1.0
1303,5.0,4.0,1.0,1.0,5.0,4.0
1304,5.0,5.0,1.0,3.0,2.0,2.0
1305,1.0,4.0,4.0,1.0,4.0,4.0
1306,3.0,5.0,1.0,1.0,5.0,4.0
1307,5.0,5.0,2.0,2.0,2.0,1.0
1308,3.0,5.0,1.0,1.0,5.0,5.0
1309,5.0,4.0,1.0,1.0,4.0,4.0
1310,5.0,4.0,2.0,2.0,2.0,1.0
1311,1.0,2.0,4.0,5.0,1.0,5.0
1312,2.0,4.0,2.0,1.0,5.0,4.0
1313,4.0,5.0,2.0,1.0,3.0,1.0
1314,1.0,2.0,3.0,2.0,5.0,4.0
1315,5.0,5.0,2.0,2.0,1.0,1.0
1316,4.0,5.0,1.0,1.0,5.0,4.0
1317,4.0,5.0,2.0,2.0,2.0,1.0
1318,4.0,5.0,1.0,1.0,5.0,5.0
1319,2.0,4.0,3.0,1.0,5.0,4.0
1320,1.0,3.0,3.0,2.0,5.0,4.0
1321,1.0,3.0,2.0,1.0,5.0,3.0
1322,4.0,5.0,1.0,2.0,5.0,5.0
1323,5.0,5.0,2.0,3.0,1.0,1.0
1324,1.0,3.0,4.0,1.0,5.0,4.0
1325,5.0,5.0,2.0,2.0,2.0,1.0
1326,1.0,3.0,3.0,1.0,5.0,3.0
1327,5.0,5.0,2.0,1.0,1.0,1.0
1328,4.0,5.0,2.0,2.0,1.0,1.0
1329,4.0,5.0,2.0,1.0,5.0,4.0
1330,1.0,3.0,3.0,1.0,5.0,4.0
1331,5.0,4.0,3.0,2.0,2.0,1.0
1332,1.0,3.0,4.0,1.0,5.0,5.0
1333,5.0,5.0,1.0,2.0,5.0,4.0
1334,2.0,3.0,3.0,1.0,5.0,4.0
1335,1.0,3.0,2.0,1.0,5.0,4.0
1336,5.0,4.0,2.0,2.0,2.0,1.0
1337,4.0,5.0,2.0,2.0,3.0,1.0
1338,5.0,5.0,1.0,1.0,5.0,4.0
1339,1.0,3.0,3.0,1.0,5.0,4.0
1340,4.0,5.0,2.0,2.0,5.0,4.0
1341,5.0,5.0,3.0,2.0,1.0,1.0
1342,4.0,5.0,1.0,1.0,5.0,4.0
1343,5.0,5.0,2.0,2.0,2.0,2.0
1344,3.0,5.0,1.0,1.0,5.0,4.0
1345,5.0,5.0,1.0,1.0,5.0,4.0
1346,2.0,3.0,3.0,1.0,5.0,4.0
1347,1.0,4.0,2.0,1.0,5.0,4.0
1348,1.0,3.0,2.0,1.0,5.0,4.0
1349,5.0,5.0,3.0,2.0,3.0,1.0
1350,4.0,5.0,2.0,1.0,4.0,4.0
1351,4.0,5.0,2.0,2.0,5.0,4.0
1352,2.0,2.0,3.0,5.0,1.0,4.0
1353,5.0,5.0,2.0,2.0,2.0,1.0
1354,1.0,3.0,3.0,2.0,4.0,4.0
1355,5.0,5.0,2.0,2.0,1.0,1.0
1356,1.0,3.0,3.0,1.0,5.0,4.0
1357,4.0,5.0,2.0,1.0,2.0,1.0
1358,5.0,5.0,2.0,2.0,2.0,1.0
1359,5.0,5.0,1.0,2.0,5.0,4.0
1360,3.0,5.0,1.0,1.0,4.0,5.0
1361,5.0,5.0,2.0,1.0,2.0,1.0
1362,4.0,4.0,2.0,2.0,2.0,1.0
1363,1.0,3.0,4.0,1.0,5.0,4.0
1364,3.0,4.0,1.0,1.0,4.0,4.0
1365,5.0,5.0,1.0,1.0,3.0,2.0
1366,5.0,5.0,2.0,3.0,2.0,2.0
1367,1.0,2.0,3.0,1.0,5.0,4.0
1368,2.0,4.0,3.0,1.0,5.0,3.0
1369,5.0,5.0,2.0,3.0,3.0,2.0
1370,2.0,3.0,3.0,1.0,5.0,3.0
1371,1.0,2.0,3.0,1.0,5.0,4.0
1372,4.0,5.0,1.0,1.0,5.0,4.0
1373,1.0,3.0,3.0,2.0,5.0,5.0
1374,5.0,4.0,2.0,2.0,2.0,1.0
1375,1.0,4.0,3.0,2.0,4.0,4.0
1376,1.0,1.0,3.0,5.0,1.0,5.0
1377,4.0,5.0,1.0,1.0,5.0,3.0
1378,4.0,5.0,2.0,2.0,5.0,5.0
1379,5.0,5.0,1.0,3.0,2.0,1.0
1380,1.0,3.0,3.0,5.0,1.0,5.0
1381,1.0,3.0,3.0,1.0,5.0,4.0
1382,4.0,5.0,1.0,1.0,4.0,5.0
1383,3.0,5.0,1.0,1.0,5.0,4.0
1384,1.0,3.0,3.0,1.0,5.0,4.0
1385,5.0,5.0,1.0,2.0,1.0,1.0
1386,4.0,5.0,1.0,2.0,5.0,3.0
1387,3.0,5.0,1.0,1.0,5.0,4.0
1388,1.0,3.0,4.0,2.0,5.0,4.0
1389,4.0,5.0,2.0,2.0,3.0,2.0
1390,4.0,4.0,2.0,1.0,4.0,4.0
1391,4.0,5.0,3.0,2.0,2.0,1.0
1392,1.0,3.0,3.0,1.0,5.0,4.0
1393,4.0,5.0,2.0,1.0,5.0,4.0
1394,4.0,5.0,1.0,2.0,5.0,4.0
1395,4.0,4.0,1.0,2.0,5.0,4.0
1396,3.0,5.0,1.0,1.0,5.0,4.0
1397,1.0,4.0,3.0,2.0,5.0,4.0
1398,4.0,5.0,1.0,1.0,5.0,4.0
1399,1.0,3.0,4.0,1.0,5.0,5.0
1400,1.0,4.0,3.0,1.0,5.0,5.0
1401,5.0,5.0,2.0,3.0,2.0,2.0
1402,4.0,5.0,2.0,2.0,3.0,1.0
1403,1.0,3.0,3.0,1.0,4.0,4.0
1404,1.0,3.0,3.0,2.0,5.0,4.0
1405,1.0,4.0,3.0,1.0,4.0,4.0
1406,1.0,3.0,3.0,1.0,5.0,3.0
1407,5.0,5.0,2.0,2.0,1.0,2.0
1408,1.0,3.0,3.0,1.0,5.0,4.0
1409,2.0,3.0,3.0,1.0,5.0,4.0
1410,1.0,4.0,2.0,1.0,5.0,3.0
1411,4.0,5.0,2.0,1.0,4.0,5.0
1412,4.0,5.0,1.0,1.0,5.0,4.0
1413,4.0,5.0,1.0,2.0,5.0,3.0
1414,5.0,5.0,2.0,2.0,3.0,1.0
1415,5.0,5.0,2.0,2.0,2.0,2.0
1416,1.0,3.0,3.0,1.0,5.0,5.0
1417,1.0,2.0,3.0,1.0,5.0,4.0
1418,1.0,3.0,3.0,2.0,5.0,4.0
1419,4.0,5.0,1.0,1.0,5.0,4.0
1420,1.0,3.0,4.0,2.0,5.0,4.0
1421,5.0,5.0,1.0,2.0,2.0,1.0
1422,1.0,3.0,3.0,1.0,5.0,3.0
1423,1.0,3.0,2.0,1.0,4.0,4.0
1424,5.0,5.0,3.0,2.0,2.0,1.0
1425,5.0,4.0,1.0,1.0,5.0,4.0
1426,5.0,5.0,2.0,2.0,2.0,1.0
1427,5.0,4.0,2.0,3.0,3.0,1.0
1428,5.0,4.0,2.0,2.0,3.0,1.0
1429,4.0,5.0,1.0,1.0,4.0,4.0
1430,4.0,5.0,1.0,2.0,5.0,4.0
1431,5.0,5.0,3.0,2.0,2.0,1.0
1432,1.0,3.0,3.0,1.0,5.0,5.0
1433,4.0,5.0,1.0,1.0,5.0,5.0
1434,1.0,3.0,3.0,1.0,5.0,4.0
1435,5.0,5.0,1.0,1.0,5.0,4.0
1436,5.0,5.0,2.0,1.0,2.0,1.0
1437,4.0,5.0,1.0,1.0,5.0,4.0
1438,1.0,3.0,3.0,1.0,5.0,3.0
1439,5.0,5.0,1.0,1.0,3.0,1.0
1440,4.0,5.0,2.0,1.0,5.0,4.0
1441,1.0,3.0,3.0,1.0,5.0,4.0
1442,1.0,2.0,3.0,1.0,5.0,4.0
1443,5.0,5.0,2.0,1.0,5.0,4.0
1444,1.0,3.0,4.0,1.0,5.0,5.0
1445,4.0,5.0,1.0,1.0,5.0,5.0
1446,4.0,5.0,1.0,1.0,5.0,4.0
1447,5.0,5.0,1.0,2.0,2.0,2.0
1448,4.0,5.0,1.0,2.0,5.0,4.0
1449,4.0,5.0,1.0,1.0,5.0,4.0
1450,1.0,3.0,2.0,2.0,5.0,4.0
1451,1.0,3.0,3.0,1.0,5.0,5.0
1452,1.0,3.0,3.0,1.0,5.0,4.0
1453,4.0,5.0,1.0,1.0,5.0,3.0
1454,1.0,3.0,3.0,1.0,5.0,4.0
1455,5.0,5.0,3.0,2.0,2.0,1.0
1456,1.0,3.0,3.0,1.0,5.0,4.0
1457,5.0,5.0,2.0,2.0,2.0,1.0
1458,4.0,5.0,1.0,2.0,5.0,4.0
1459,1.0,4.0,3.0,1.0,5.0,5.0
1460,1.0,4.0,3.0,1.0,5.0,4.0
1461,5.0,5.0,2.0,2.0,3.0,1.0
1462,5.0,5.0,2.0,1.0,2.0,1.0
1463,1.0,3.0,4.0,1.0,5.0,4.0
1464,4.0,5.0,1.0,1.0,5.0,4.0
1465,3.0,5.0,1.0,1.0,5.0,4.0
1466,1.0,4.0,2.0,1.0,5.0,4.0
1467,3.0,5.0,1.0,1.0,5.0,4.0
1468,5.0,4.0,3.0,2.0,2.0,1.0
1469,1.0,3.0,3.0,1.0,4.0,4.0
1470,4.0,4.0,2.0,2.0,2.0,1.0
1471,4.0,5.0,1.0,2.0,4.0,4.0
1472,4.0,5.0,1.0,1.0,5.0,4.0
1473,5.0,5.0,2.0,1.0,2.0,1.0
1474,4.0,5.0,1.0,1.0,5.0,4.0
1475,5.0,5.0,1.0,1.0,4.0,4.0
1476,1.0,3.0,3.0,2.0,5.0,4.0
1477,4.0,4.0,1.0,1.0,4.0,4.0
1478,2.0,2.0,3.0,5.0,1.0,5.0
1479,5.0,4.0,3.0,2.0,2.0,1.0
1480,1.0,3.0,2.0,1.0,5.0,3.0
1481,5.0,4.0,2.0,3.0,3.0,1.0
1482,1.0,3.0,3.0,1.0,5.0,5.0
1483,5.0,4.0,2.0,2.0,2.0,1.0
1484,4.0,5.0,1.0,2.0,5.0,4.0
1485,4.0,5.0,1.0,1.0,5.0,4.0
1486,2.0,3.0,3.0,1.0,5.0,4.0
1487,5.0,5.0,1.0,1.0,5.0,4.0
1488,1.0,3.0,3.0,2.0,5.0,4.0
1489,4.0,5.0,1.0,1.0,5.0,4.0
1490,4.0,5.0,1.0,1.0,5.0,5.0
1491,1.0,2.0,4.0,1.0,5.0,4.0
1492,1.0,3.0,2.0,1.0,4.0,4.0
1493,5.0,5.0,2.0,2.0,1.0,1.0
1494,1.0,3.0,3.0,1.0,5.0,4.0
1495,5.0,5.0,2.0,1.0,1.0,1.0
1496,1.0,3.0,4.0,2.0,5.0,4.0
1497,1.0,3.0,3.0,1.0,4.0,3.0
1498,4.0,5.0,1.0,1.0,5.0,4.0
1499,4.0,5.0,1.0,1.0,5.0,3.0
1500,5.0,5.0,2.0,2.0,3.0,1.0
1501,5.0,4.0,1.0,1.0,2.0,2.0
1502,4.0,5.0,1.0,1.0,5.0,3.0
1503,3.0,4.0,1.0,1.0,5.0,4.0
1504,4.0,5.0,2.0,1.0,5.0,4.0
1505,1.0,3.0,2.0,1.0,5.0,4.0
1506,5.0,5.0,2.0,1.0,1.0,2.0
1507,5.0,4.0,2.0,2.0,2.0,1.0
1508,4.0,5.0,2.0,1.0,5.0,4.0
1509,5.0,5.0,2.0,3.0,2.0,1.0
1510,5.0,5.0,2.0,2.0,2.0,1.0
1511,1.0,3.0,3.0,2.0,5.0,4.0
1512,1.0,3.0,3.0,1.0,5.0,4.0
1513,5.0,5.0,2.0,2.0,2.0,1.0
1514,5.0,5.0,1.0,1.0,5.0,3.0
1515,3.0,4.0,1.0,1.0,4.0,4.0
1516,4.0,5.0,1.0,1.0,5.0,4.0
1517,1.0,3.0,3.0,1.0,5.0,4.0
1518,1.0,2.0,3.0,1.0,5.0,5.0
1519,1.0,3.0,4.0,5.0,1.0,5.0
1520,1.0,2.0,3.0,5.0,1.0,5.0
1521,5.0,5.0,2.0,1.0,2.0,1.0
1522,1.0,3.0,3.0,1.0,5.0,3.0
1523,5.0,5.0,2.0,3.0,3.0,1.0
1524,5.0,5.0,2.0,2.0,1.0,2.0
1525,2.0,2.0,2.0,1.0,4.0,4.0
1526,2.0,4.0,3.0,1.0,5.0,4.0
1527,3.0,5.0,1.0,1.0,5.0,4.0
1528,5.0,5.0,2.0,2.0,2.0,1.0
1529,1.0,3.0,3.0,1.0,5.0,4.0
1530,5.0,5.0,2.0,2.0,2.0,1.0
1531,1.0,3.0,4.0,1.0,4.0,3.0
1532,4.0,5.0,1.0,1.0,5.0,4.0
1533,1.0,3.0,2.0,1.0,5.0,3.0
1534,4.0,5.0,1.0,1.0,5.0,4.0
1535,5.0,5.0,1.0,1.0,1.0,1.0
1536,3.0,4.0,1.0,1.0,4.0,4.0
1537,5.0,5.0,1.0,1.0,5.0,4.0
1538,4.0,4.0,1.0,1.0,5.0,4.0
1539,3.0,5.0,1.0,1.0,4.0,4.0
1540,5.0,5.0,2.0,2.0,2.0,1.0
1541,1.0,2.0,3.0,4.0,2.0,5.0
1542,1.0,3.0,3.0,1.0,4.0,4.0
1543,5.0,4.0,1.0,1.0,2.0,1.0
1544,4.0,5.0,1.0,1.0,4.0,4.0
1545,4.0,5.0,1.0,1.0,5.0,4.0
1546,4.0,5.0,2.0,2.0,2.0,1.0
1547,5.0,4.0,1.0,1.0,4.0,4.0
1548,1.0,4.0,3.0,1.0,5.0,4.0
1549,2.0,1.0,4.0,5.0,1.0,5.0
1550,5.0,5.0,3.0,2.0,2.0,1.0
1551,5.0,5.0,2.0,1.0,2.0,1.0
1552,1.0,3.0,3.0,1.0,5.0,4.0
1553,5.0,5.0,1.0,2.0,2.0,1.0
1554,5.0,5.0,2.0,1.0,2.0,1.0
1555,3.0,5.0,2.0,1.0,5.0,4.0
1556,1.0,3.0,3.0,1.0,5.0,4.0
1557,4.0,5.0,1.0,1.0,5.0,4.0
1558,1.0,4.0,2.0,1.0,5.0,4.0
1559,1.0,2.0,4.0,1.0,5.0,4.0
1560,4.0,5.0,2.0,2.0,2.0,2.0
1561,1.0,2.0,4.0,1.0,5.0,5.0
1562,4.0,4.0,1.0,2.0,5.0,4.0
1563,5.0,5.0,2.0,1.0,5.0,4.0
1564,1.0,3.0,4.0,1.0,5.0,4.0
1565,4.0,4.0,2.0,1.0,5.0,4.0
1566,5.0,5.0,2.0,2.0,3.0,1.0
1567,4.0,5.0,2.0,2.0,2.0,2.0
1568,3.0,5.0,1.0,2.0,5.0,4.0
1569,5.0,5.0,3.0,3.0,2.0,1.0
1570,1.0,3.0,4.0,1.0,5.0,4.0
1571,2.0,3.0,3.0,1.0,5.0,4.0
1572,1.0,4.0,3.0,1.0,4.0,4.0
1573,1.0,3.0,3.0,2.0,5.0,4.0
1574,5.0,5.0,2.0,2.0,3.0,1.0
1575,4.0,5.0,2.0,2.0,2.0,1.0
1576,1.0,3.0,3.0,1.0,4.0,4.0
1577,5.0,5.0,2.0,2.0,2.0,1.0
1578,1.0,3.0,2.0,1.0,4.0,4.0
1579,5.0,5.0,2.0,3.0,2.0,1.0
1580,1.0,3.0,3.0,1.0,5.0,5.0
1581,4.0,4.0,1.0,1.0,5.0,3.0
1582,5.0,5.0,1.0,3.0,1.0,1.0
1583,1.0,2.0,3.0,1.0,5.0,4.0
1584,1.0,2.0,3.0,5.0,1.0,5.0
1585,4.0,4.0,1.0,1.0,5.0,3.0
1586,5.0,5.0,2.0,2.0,2.0,1.0
1587,1.0,3.0,2.0,1.0,5.0,5.0
1588,3.0,5.0,2.0,1.0,5.0,4.0
1589,1.0,3.0,2.0,1.0,5.0,4.0
1590,5.0,5.0,2.0,2.0,2.0,1.0
1591,1.0,3.0,4.0,1.0,5.0,3.0
1592,2.0,2.0,2.0,5.0,2.0,5.0
1593,4.0,5.0,1.0,1.0,5.0,4.0
1594,4.0,4.0,2.0,1.0,5.0,4.0
1595,5.0,4.0,2.0,3.0,2.0,1.0
1596,1.0,4.0,3.0,1.0,4.0,4.0
1597,5.0,5.0,2.0,2.0,2.0,1.0
1598,4.0,5.0,2.0,1.0,1.0,1.0
1599,1.0,3.0,3.0,1.0,5.0,3.0
1600,5.0,5.0,2.0,1.0,1.0,1.0
1601,5.0,5.0,2.0,3.0,2.0,1.0
1602,5.0,5.0,2.0,2.0,1.0,1.0
1603,4.0,5.0,1.0,1.0,5.0,4.0
1604,1.0,3.0,3.0,1.0,5.0,4.0
1605,2.0,3.0,4.0,2.0,5.0,4.0
1606,5.0,5.0,2.0,3.0,2.0,2.0
1607,4.0,5.0,1.0,1.0,5.0,4.0
1608,5.0,4.0,3.0,2.0,2.0,1.0
1609,1.0,3.0,3.0,1.0,5.0,4.0
1610,1.0,3.0,3.0,1.0,4.0,4.0
1611,1.0,3.0,3.0,1.0,4.0,4.0
1612,1.0,4.0,3.0,1.0,4.0,4.0
1613,1.0,2.0,4.0,2.0,5.0,3.0
1614,5.0,5.0,2.0,2.0,3.0,1.0
1615,5.0,5.0,2.0,2.0,2.0,2.0
1616,4.0,4.0,1.0,1.0,5.0,4.0
1617,5.0,5.0,2.0,1.0,2.0,1.0
1618,4.0,5.0,1.0,1.0,5.0,4.0
1619,5.0,4.0,3.0,2.0,2.0,1.0
1620,2.0,2.0,3.0,5.0,1.0,5.0
1621,5.0,5.0,1.0,1.0,5.0,4.0
1622,4.0,5.0,1.0,1.0,4.0,4.0
1623,5.0,5.0,1.0,2.0,5.0,3.0
1624,4.0,5.0,1.0,2.0,5.0,3.0
1625,1.0,3.0,3.0,1.0,5.0,3.0
1626,4.0,5.0,1.0,1.0,5.0,4.0
1627,2.0,2.0,4.0,1.0,5.0,4.0
1628,2.0,3.0,3.0,2.0,4.0,3.0
1629,5.0,5.0,1.0,1.0,5.0,4.0
1630,5.0,5.0,1.0,2.0,2.0,2.0
1631,4.0,5.0,1.0,2.0,5.0,4.0
1632,5.0,5.0,1.0,2.0,3.0,1.0
1633,5.0,5.0,3.0,2.0,3.0,1.0
1634,1.0,3.0,3.0,1.0,5.0,4.0
1635,4.0,5.0,2.0,1.0,5.0,3.0
1636,3.0,5.0,1.0,1.0,5.0,4.0
1637,1.0,4.0,3.0,1.0,5.0,5.0
1638,5.0,5.0,2.0,3.0,2.0,2.0
1639,5.0,5.0,3.0,2.0,2.0,1.0
1640,5.0,5.0,2.0,1.0,1.0,1.0
1641,5.0,4.0,1.0,3.0,2.0,1.0
1642,3.0,5.0,1.0,1.0,4.0,4.0
1643,1.0,4.0,3.0,1.0,5.0,3.0
1644,4.0,5.0,1.0,1.0,5.0,3.0
1645,4.0,5.0,1.0,1.0,5.0,4.0
1646,5.0,5.0,1.0,1.0,4.0,4.0
1647,4.0,5.0,1.0,1.0,5.0,4.0
1648,4.0,4.0,1.0,1.0,2.0,1.0
1649,4.0,5.0,2.0,1.0,5.0,5.0
1650,5.0,5.0,2.0,2.0,1.0,1.0
1651,5.0,5.0,2.0,3.0,2.0,1.0
1652,1.0,3.0,3.0,2.0,5.0,4.0
1653,5.0,4.0,1.0,1.0,5.0,4.0
1654,5.0,5.0,2.0,2.0,2.0,1.0
1655,4.0,5.0,2.0,2.0,2.0,1.0
1656,1.0,4.0,3.0,1.0,5.0,3.0
1657,1.0,4.0,3.0,2.0,5.0,3.0
1658,5.0,5.0,1.0,2.0,2.0,1.0
1659,5.0,5.0,2.0,2.0,3.0,1.0
1660,4.0,4.0,1.0,1.0,4.0,4.0
1661,1.0,3.0,2.0,1.0,5.0,5.0
1662,5.0,4.0,3.0,2.0,2.0,1.0
1663,4.0,5.0,1.0,1.0,4.0,4.0
1664,1.0,4.0,3.0,1.0,4.0,4.0
1665,2.0,4.0,3.0,2.0,5.0,4.0
1666,5.0,4.0,2.0,2.0,1.0,1.0
1667,4.0,5.0,3.0,3.0,1.0,2.0
1668,5.0,5.0,1.0,1.0,5.0,4.0
1669,4.0,5.0,1.0,1.0,5.0,4.0
1670,1.0,4.0,2.0,1.0,5.0,3.0
1671,5.0,5.0,1.0,1.0,2.0,1.0
1672,4.0,5.0,1.0,1.0,5.0,5.0
1673,4.0,5.0,1.0,1.0,4.0,4.0
1674,4.0,5.0,2.0,2.0,5.0,3.0
1675,4.0,4.0,1.0,1.0,5.0,5.0
1676,5.0,5.0,1.0,2.0,3.0,1.0
1677,4.0,5.0,1.0,1.0,5.0,4.0
1678,1.0,2.0,3.0,1.0,5.0,4.0
1679,4.0,4.0,1.0,2.0,5.0,4.0
1680,4.0,5.0,1.0,1.0,5.0,4.0
1681,3.0,3.0,3.0,1.0,5.0,4.0
1682,4.0,4.0,1.0,1.0,5.0,4.0
1683,1.0,3.0,3.0,1.0,5.0,3.0
1684,2.0,4.0,2.0,1.0,5.0,5.0
1685,4.0,5.0,1.0,2.0,5.0,4.0
1686,5.0,5.0,2.0,2.0,2.0,1.0
1687,1.0,3.0,3.0,1.0,5.0,4.0
1688,1.0,2.0,3.0,1.0,5.0,4.0
1689,5.0,5.0,3.0,2.0,2.0,1.0
1690,5.0,4.0,1.0,1.0,5.0,4.0
1691,4.0,5.0,1.0,1.0,5.0,4.0
1692,3.0,5.0,1.0,2.0,4.0,4.0
1693,2.0,3.0,2.0,2.0,5.0,5.0
1694,2.0,3.0,3.0,1.0,5.0,4.0
1695,1.0,2.0,3.0,3.0,5.0,4.0
1696,4.0,5.0,1.0,2.0,5.0,4.0
1697,5.0,5.0,2.0,2.0,2.0,1.0
1698,5.0,5.0,1.0,2.0,2.0,1.0
1699,5.0,5.0,1.0,1.0,5.0,4.0
1700,4.0,5.0,1.0,2.0,5.0,3.0
1701,5.0,4.0,2.0,3.0,2.0,1.0
1702,3.0,5.0,1.0,1.0,5.0,4.0
1703,5.0,5.0,2.0,2.0,2.0,2.0
1704,4.0,5.0,1.0,1.0,4.0,4.0
1705,1.0,2.0,3.0,5.0,2.0,5.0
1706,5.0,5.0,3.0,1.0,2.0,1.0
1707,1.0,4.0,3.0,1.0,5.0,3.0
1708,5.0,5.0,2.0,2.0,1.0,1.0
1709,5.0,4.0,2.0,2.0,2.0,1.0
1710,4.0,5.0,2.0,2.0,3.0,1.0
1711,5.0,5.0,2.0,3.0,4.0,1.0
1712,5.0,5.0,1.0,1.0,3.0,1.0
1713,5.0,5.0,3.0,2.0,2.0,1.0
1714,5.0,5.0,1.0,2.0,3.0,1.0
1715,5.0,5.0,2.0,2.0,2.0,1.0
1716,5.0,4.0,2.0,3.0,1.0,1.0
1717,5.0,5.0,2.0,2.0,2.0,1.0
1718,4.0,5.0,1.0,1.0,5.0,3.0
1719,4.0,5.0,2.0,1.0,2.0,1.0
1720,1.0,4.0,2.0,1.0,5.0,4.0
1721,4.0,5.0,1.0,1.0,5.0,4.0
1722,1.0,4.0,2.0,1.0,5.0,5.0
1723,4.0,5.0,1.0,1.0,5.0,4.0
1724,1.0,4.0,4.0,1.0,5.0,4.0
1725,5.0,5.0,2.0,3.0,2.0,1.0
1726,4.0,4.0,2.0,2.0,1.0,1.0
1727,5.0,5.0,2.0,1.0,2.0,1.0
1728,4.0,5.0,1.0,1.0,5.0,4.0
1729,5.0,5.0,2.0,2.0,2.0,1.0
1730,1.0,3.0,4.0,1.0,5.0,4.0
1731,5.0,4.0,1.0,3.0,2.0,1.0
1732,1.0,3.0,3.0,1.0,5.0,4.0
1733,4.0,5.0,1.0,1.0,5.0,5.0
1734,5.0,5.0,2.0,1.0,3.0,2.0
1735,4.0,5.0,2.0,1.0,5.0,3.0
1736,5.0,4.0,2.0,2.0,3.0,1.0
1737,5.0,4.0,2.0,2.0,3.0,2.0
1738,5.0,5.0,1.0,1.0,5.0,5.0
1739,4.0,5.0,2.0,2.0,2.0,1.0
1740,5.0,5.0,2.0,2.0,2.0,1.0
1741,1.0,2.0,2.0,1.0,5.0,5.0
1742,5.0,4.0,3.0,1.0,1.0,1.0
1743,4.0,5.0,2.0,1.0,1.0,1.0
1744,4.0,4.0,1.0,1.0,5.0,4.0
1745,5.0,5.0,1.0,2.0,2.0,1.0
1746,4.0,4.0,1.0,1.0,5.0,5.0
1747,5.0,5.0,1.0,1.0,5.0,3.0
1748,4.0,5.0,1.0,1.0,5.0,4.0
1749,5.0,4.0,1.0,1.0,5.0,4.0
1750,2.0,2.0,3.0,1.0,5.0,4.0
1751,5.0,5.0,2.0,2.0,2.0,1.0
1752,5.0,5.0,3.0,2.0,2.0,1.0
1753,4.0,5.0,1.0,2.0,5.0,4.0
1754,5.0,5.0,2.0,2.0,1.0,1.0
1755,5.0,5.0,2.0,3.0,2.0,2.0
1756,4.0,5.0,1.0,1.0,5.0,4.0
1757,5.0,5.0,1.0,2.0,2.0,1.0
1758,3.0,5.0,1.0,1.0,5.0,5.0
1759,1.0,3.0,3.0,2.0,5.0,4.0
1760,5.0,5.0,2.0,2.0,2.0,1.0
1761,4.0,5.0,1.0,1.0,5.0,4.0
1762,1.0,2.0,3.0,1.0,5.0,4.0
1763,5.0,4.0,2.0,2.0,1.0,1.0
1764,5.0,5.0,2.0,1.0,2.0,2.0
1765,5.0,5.0,1.0,1.0,5.0,3.0
1766,4.0,5.0,2.0,1.0,5.0,4.0
1767,2.0,3.0,3.0,2.0,5.0,4.0
1768,2.0,3.0,3.0,1.0,5.0,4.0
1769,4.0,5.0,1.0,1.0,5.0,4.0
1770,1.0,3.0,3.0,1.0,4.0,4.0
1771,5.0,5.0,2.0,2.0,2.0,1.0
1772,3.0,5.0,1.0,1.0,5.0,4.0
1773,1.0,2.0,4.0,1.0,5.0,4.0
1774,1.0,3.0,3.0,1.0,5.0,4.0
1775,1.0,4.0,2.0,1.0,5.0,4.0
1776,1.0,4.0,4.0,2.0,5.0,4.0
1777,5.0,4.0,3.0,1.0,2.0,1.0
1778,5.0,5.0,2.0,1.0,2.0,1.0
1779,4.0,5.0,2.0,2.0,5.0,4.0
1780,5.0,5.0,1.0,1.0,5.0,4.0
1781,1.0,4.0,4.0,1.0,4.0,4.0
1782,1.0,2.0,4.0,5.0,2.0,5.0
1783,2.0,3.0,3.0,5.0,2.0,5.0
1784,5.0,5.0,1.0,2.0,2.0,3.0
1785,1.0,3.0,3.0,1.0,5.0,4.0
1786,1.0,3.0,4.0,1.0,5.0,3.0
1787,5.0,5.0,1.0,1.0,2.0,1.0
1788,4.0,5.0,2.0,2.0,2.0,1.0
1789,5.0,5.0,2.0,2.0,2.0,2.0
1790,1.0,2.0,2.0,1.0,4.0,4.0
1791,1.0,2.0,2.0,1.0,4.0,4.0
1792,1.0,2.0,2.0,1.0,5.0,4.0
1793,4.0,4.0,2.0,2.0,2.0,1.0
1794,5.0,5.0,2.0,2.0,3.0,1.0
1795,4.0,5.0,1.0,1.0,4.0,4.0
1796,1.0,4.0,3.0,1.0,5.0,5.0
1797,5.0,5.0,3.0,2.0,2.0,1.0
1798,4.0,5.0,1.0,1.0,5.0,4.0
1799,1.0,2.0,3.0,1.0,5.0,4.0
1800,4.0,5.0,1.0,1.0,5.0,4.0
1801,4.0,5.0,2.0,1.0,5.0,3.0
1802,4.0,5.0,1.0,1.0,5.0,4.0
1803,1.0,2.0,4.0,5.0,1.0,5.0
1804,4.0,4.0,1.0,1.0,5.0,4.0
1805,1.0,2.0,4.0,1.0,5.0,4.0
1806,5.0,5.0,2.0,2.0,1.0,1.0
1807,5.0,5.0,1.0,2.0,2.0,1.0
1808,5.0,5.0,1.0,2.0,2.0,1.0
1809,4.0,5.0,1.0,2.0,2.0,1.0
1810,4.0,5.0,1.0,1.0,5.0,4.0
1811,2.0,3.0,3.0,1.0,5.0,3.0
1812,1.0,4.0,3.0,1.0,5.0,4.0
1813,1.0,3.0,3.0,1.0,5.0,5.0
1814,5.0,5.0,1.0,2.0,3.0,1.0
1815,5.0,5.0,3.0,2.0,2.0,1.0
1816,1.0,2.0,2.0,2.0,5.0,4.0
1817,4.0,4.0,1.0,1.0,1.0,1.0
1818,1.0,3.0,4.0,1.0,5.0,3.0
1819,4.0,4.0,1.0,1.0,5.0,4.0
1820,5.0,5.0,2.0,1.0,5.0,4.0
1821,4.0,5.0,3.0,2.0,2.0,1.0
1822,5.0,5.0,1.0,1.0,4.0,4.0
1823,5.0,5.0,3.0,2.0,2.0,1.0
1824,2.0,3.0,2.0,1.0,5.0,4.0
1825,4.0,5.0,1.0,1.0,4.0,5.0
1826,3.0,4.0,1.0,1.0,5.0,4.0
1827,4.0,4.0,1.0,1.0,5.0,4.0
1828,5.0,5.0,3.0,2.0,2.0,1.0
1829,1.0,3.0,3.0,1.0,5.0,3.0
1830,5.0,4.0,2.0,2.0,3.0,2.0
1831,5.0,5.0,2.0,2.0,3.0,1.0
1832,4.0,5.0,1.0,2.0,5.0,4.0
1833,4.0,5.0,1.0,1.0,5.0,4.0
1834,5.0,4.0,3.0,2.0,2.0,1.0
1835,1.0,3.0,3.0,1.0,4.0,4.0
1836,5.0,5.0,2.0,2.0,2.0,1.0
1837,4.0,5.0,1.0,1.0,5.0,4.0
1838,5.0,5.0,2.0,3.0,1.0,2.0
1839,1.0,2.0,2.0,2.0,5.0,4.0
1840,5.0,4.0,2.0,1.0,2.0,2.0
1841,1.0,4.0,3.0,1.0,5.0,4.0
1842,1.0,3.0,3.0,1.0,5.0,3.0
1843,5.0,5.0,1.0,2.0,5.0,3.0
1844,4.0,5.0,1.0,2.0,2.0,1.0
1845,5.0,4.0,2.0,2.0,1.0,1.0
1846,5.0,5.0,3.0,2.0,2.0,1.0
1847,5.0,5.0,1.0,1.0,5.0,3.0
1848,4.0,4.0,2.0,3.0,1.0,1.0
1849,4.0,5.0,1.0,1.0,5.0,4.0
1850,4.0,5.0,1.0,2.0,2.0,1.0
1851,1.0,3.0,3.0,1.0,5.0,4.0
1852,5.0,5.0,2.0,3.0,2.0,1.0
1853,5.0,5.0,2.0,2.0,1.0,1.0
1854,1.0,3.0,3.0,1.0,5.0,4.0
1855,1.0,3.0,3.0,1.0,5.0,5.0
1856,4.0,5.0,1.0,2.0,5.0,4.0
1857,1.0,2.0,2.0,1.0,4.0,4.0
1858,5.0,5.0,2.0,2.0,3.0,1.0
1859,5.0,5.0,3.0,2.0,2.0,1.0
1860,1.0,3.0,2.0,2.0,5.0,3.0
1861,1.0,4.0,3.0,1.0,5.0,4.0
1862,4.0,5.0,1.0,1.0,5.0,5.0
1863,5.0,5.0,2.0,2.0,2.0,2.0
1864,1.0,4.0,4.0,1.0,4.0,4.0
1865,1.0,3.0,3.0,1.0,5.0,4.0
1866,4.0,5.0,1.0,1.0,5.0,5.0
1867,3.0,4.0,1.0,1.0,5.0,4.0
1868,2.0,3.0,2.0,2.0,5.0,4.0
1869,1.0,3.0,3.0,1.0,5.0,5.0
1870,5.0,5.0,2.0,2.0,2.0,1.0
1871,5.0,5.0,2.0,2.0,3.0,1.0
1872,4.0,5.0,1.0,1.0,5.0,3.0
1873,5.0,5.0,2.0,2.0,2.0,1.0
1874,5.0,4.0,2.0,1.0,2.0,1.0
1875,1.0,3.0,3.0,1.0,5.0,4.0
1876,1.0,3.0,3.0,1.0,5.0,5.0
1877,5.0,4.0,2.0,2.0,2.0,1.0
1878,1.0,3.0,3.0,1.0,4.0,4.0
1879,5.0,5.0,1.0,2.0,2.0,1.0
1880,5.0,5.0,1.0,1.0,5.0,5.0
1881,4.0,5.0,1.0,1.0,5.0,4.0
1882,5.0,4.0,2.0,2.0,2.0,1.0
1883,3.0,5.0,1.0,1.0,5.0,4.0
1884,4.0,5.0,1.0,1.0,5.0,4.0
1885,5.0,5.0,2.0,2.0,2.0,1.0
1886,5.0,5.0,3.0,3.0,1.0,1.0
1887,1.0,3.0,2.0,2.0,5.0,3.0
1888,2.0,3.0,3.0,1.0,4.0,4.0
1889,4.0,4.0,1.0,1.0,5.0,4.0
1890,1.0,3.0,3.0,1.0,5.0,3.0
1891,1.0,2.0,4.0,5.0,1.0,5.0
1892,4.0,5.0,1.0,1.0,5.0,5.0
1893,4.0,4.0,1.0,1.0,5.0,5.0
1894,5.0,5.0,2.0,3.0,3.0,1.0
1895,5.0,5.0,2.0,2.0,2.0,1.0
1896,1.0,3.0,3.0,1.0,5.0,3.0
1897,5.0,5.0,2.0,2.0,1.0,1.0
1898,1.0,3.0,3.0,1.0,5.0,4.0
1899,1.0,3.0,3.0,2.0,5.0,4.0
1900,5.0,5.0,3.0,2.0,2.0,1.0
1901,5.0,5.0,1.0,2.0,2.0,1.0
1902,4.0,5.0,1.0,2.0,5.0,4.0
1903,5.0,5.0,2.0,3.0,1.0,1.0
1904,3.0,4.0,2.0,1.0,5.0,4.0
1905,4.0,5.0,1.0,2.0,5.0,4.0
1906,4.0,5.0,2.0,1.0,5.0,4.0
1907,2.0,4.0,3.0,1.0,5.0,3.0
1908,4.0,4.0,2.0,2.0,2.0,1.0
1909,5.0,4.0,3.0,2.0,1.0,1.0
1910,4.0,5.0,2.0,1.0,2.0,1.0
1911,3.0,5.0,1.0,1.0,5.0,3.0
1912,5.0,5.0,1.0,3.0,2.0,2.0
1913,4.0,5.0,2.0,1.0,5.0,4.0
1914,1.0,3.0,3.0,1.0,4.0,4.0
1915,5.0,5.0,1.0,1.0,2.0,1.0
1916,4.0,5.0,2.0,3.0,2.0,1.0
1917,5.0,4.0,1.0,1.0,5.0,4.0
1918,1.0,3.0,4.0,1.0,5.0,4.0
1919,4.0,5.0,1.0,2.0,5.0,3.0
1920,1.0,3.0,3.0,1.0,5.0,4.0
1921,5.0,5.0,3.0,2.0,2.0,1.0
1922,2.0,3.0,3.0,1.0,5.0,4.0
1923,1.0,2.0,3.0,5.0,1.0,5.0
1924,1.0,3.0,3.0,1.0,5.0,4.0
1925,2.0,3.0,4.0,1.0,5.0,5.0
1926,4.0,5.0,1.0,1.0,5.0,4.0
1927,1.0,3.0,3.0,1.0,5.0,3.0
1928,3.0,5.0,1.0,1.0,5.0,4.0
1929,5.0,5.0,2.0,1.0,3.0,1.0
1930,4.0,5.0,1.0,1.0,5.0,5.0
1931,4.0,5.0,2.0,2.0,2.0,2.0
1932,4.0,5.0,1.0,1.0,5.0,3.0
1933,1.0,3.0,4.0,1.0,5.0,5.0
1934,1.0,3.0,3.0,1.0,5.0,4.0
1935,4.0,5.0,2.0,1.0,5.0,5.0
1936,5.0,5.0,2.0,2.0,2.0,1.0
1937,1.0,3.0,3.0,1.0,4.0,4.0
1938,5.0,5.0,2.0,2.0,2.0,1.0
1939,4.0,4.0,1.0,1.0,5.0,5.0
1940,1.0,3.0,3.0,1.0,5.0,4.0
1941,5.0,5.0,1.0,2.0,5.0,4.0
1942,4.0,5.0,2.0,1.0,5.0,4.0
1943,1.0,3.0,4.0,1.0,5.0,4.0
1944,5.0,5.0,1.0,2.0,3.0,1.0
1945,4.0,5.0,1.0,1.0,5.0,4.0
1946,5.0,4.0,2.0,2.0,1.0,1.0
1947,5.0,5.0,2.0,2.0,2.0,1.0
1948,2.0,3.0,2.0,1.0,5.0,3.0
1949,5.0,5.0,1.0,2.0,2.0,1.0
1950,1.0,3.0,2.0,5.0,1.0,5.0
1951,1.0,3.0,4.0,1.0,5.0,5.0
1952,5.0,4.0,3.0,3.0,3.0,1.0
1953,5.0,5.0,3.0,2.0,2.0,1.0
1954,5.0,4.0,3.0,3.0,2.0,1.0
1955,5.0,4.0,2.0,2.0,2.0,1.0
1956,5.0,5.0,2.0,1.0,2.0,2.0
1957,4.0,5.0,3.0,3.0,2.0,1.0
1958,5.0,4.0,2.0,2.0,2.0,1.0
1959,1.0,3.0,3.0,2.0,5.0,4.0
1960,2.0,3.0,4.0,1.0,4.0,3.0
1961,5.0,5.0,2.0,1.0,2.0,1.0
1962,4.0,5.0,1.0,2.0,4.0,4.0
1963,5.0,5.0,2.0,3.0,2.0,1.0
1964,4.0,4.0,1.0,2.0,5.0,5.0
1965,4.0,5.0,2.0,1.0,5.0,4.0
1966,1.0,3.0,4.0,2.0,5.0,4.0
1967,1.0,2.0,2.0,5.0,1.0,5.0
1968,5.0,5.0,2.0,3.0,1.0,1.0
1969,5.0,5.0,1.0,1.0,2.0,2.0
1970,5.0,5.0,2.0,3.0,2.0,1.0
1971,1.0,3.0,3.0,1.0,5.0,4.0
1972,3.0,5.0,3.0,1.0,5.0,4.0
1973,4.0,5.0,2.0,1.0,5.0,5.0
1974,1.0,4.0,3.0,1.0,4.0,4.0
1975,1.0,3.0,4.0,1.0,4.0,5.0
1976,5.0,4.0,2.0,3.0,2.0,1.0
1977,3.0,5.0,1.0,1.0,5.0,4.0
1978,4.0,5.0,2.0,2.0,3.0,1.0
1979,1.0,3.0,2.0,1.0,5.0,4.0
1980,1.0,3.0,4.0,1.0,5.0,5.0
1981,4.0,5.0,1.0,1.0,5.0,4.0
1982,5.0,5.0,1.0,2.0,2.0,1.0
1983,5.0,5.0,2.0,1.0,5.0,4.0
1984,5.0,5.0,1.0,2.0,2.0,1.0
1985,3.0,5.0,1.0,1.0,5.0,4.0
1986,4.0,5.0,1.0,1.0,5.0,4.0
1987,5.0,5.0,2.0,2.0,2.0,1.0
1988,5.0,5.0,1.0,3.0,1.0,1.0
1989,5.0,5.0,2.0,2.0,2.0,1.0
1990,3.0,5.0,1.0,1.0,5.0,4.0
1991,4.0,5.0,2.0,3.0,3.0,1.0
1992,5.0,5.0,2.0,2.0,2.0,1.0
1993,4.0,5.0,1.0,2.0,5.0,4.0
1994,1.0,3.0,3.0,1.0,5.0,3.0
1995,4.0,4.0,1.0,2.0,5.0,4.0
1996,5.0,5.0,2.0,2.0,2.0,1.0
1997,4.0,5.0,1.0,1.0,5.0,4.0
1998,4.0,5.0,1.0,1.0,5.0,4.0
1999,5.0,5.0,2.0,1.0,2.0,2.0
